data;estado;casos;mortes
2020-03-17;AC;     3;    0
2020-03-18;AC;     3;    0
2020-03-19;AC;     4;    0
2020-03-20;AC;     7;    0
2020-03-21;AC;    11;    0
2020-03-22;AC;    11;    0
2020-03-23;AC;    17;    0
2020-03-24;AC;    21;    0
2020-03-25;AC;    23;    0
2020-03-26;AC;    23;    0
2020-03-27;AC;    25;    0
2020-03-28;AC;    25;    0
2020-03-29;AC;    34;    0
2020-03-30;AC;    41;    0
2020-03-31;AC;    42;    0
2020-04-01;AC;    43;    0
2020-04-02;AC;    45;    0
2020-04-03;AC;    46;    0
2020-04-04;AC;    46;    0
2020-04-05;AC;    48;    0
2020-04-06;AC;    50;    1
2020-04-07;AC;    50;    2
2020-04-08;AC;    58;    2
2020-04-09;AC;    62;    2
2020-04-10;AC;    70;    2
2020-04-11;AC;    72;    2
2020-04-12;AC;    77;    2
2020-04-13;AC;    90;    3
2020-04-14;AC;    99;    3
2020-04-15;AC;   101;    4
2020-04-16;AC;   115;    5
2020-04-17;AC;   135;    5
2020-04-18;AC;   142;    6
2020-04-19;AC;   163;    6
2020-04-20;AC;   176;    8
2020-04-21;AC;   195;    8
2020-04-22;AC;   214;    8
2020-04-23;AC;   227;   10
2020-04-24;AC;   234;   11
2020-04-25;AC;   258;   11
2020-04-26;AC;   279;   11
2020-04-27;AC;   301;   14
2020-04-28;AC;   317;   16
2020-04-29;AC;   354;   18
2020-04-30;AC;   404;   19
2020-05-01;AC;   487;   19
2020-05-02;AC;   553;   22
2020-05-03;AC;   658;   25
2020-05-04;AC;   733;   28
2020-05-05;AC;   817;   29
2020-05-06;AC;   943;   35
2020-05-07;AC;  1014;   36
2020-05-08;AC;  1177;   38
2020-05-09;AC;  1335;   40
2020-05-10;AC;  1447;   41
2020-05-11;AC;  1460;   44
2020-05-12;AC;  1590;   51
2020-05-13;AC;  1694;   52
2020-05-14;AC;  1740;   55
2020-05-15;AC;  1785;   57
2020-05-16;AC;  1867;   59
2020-05-17;AC;  1996;   62
2020-05-18;AC;  2234;   67
2020-05-19;AC;  2482;   73
2020-05-20;AC;  2817;   75
2020-05-21;AC;  3103;   78
2020-05-22;AC;  3343;   80
2020-05-23;AC;  3867;   87
2020-05-24;AC;  4160;   92
2020-05-25;AC;  4501;   97
2020-05-26;AC;  4781;  105
2020-05-27;AC;  5251;  113
2020-05-28;AC;  5600;  122
2020-05-29;AC;  5841;  135
2020-05-30;AC;  6072;  142
2020-05-31;AC;  6219;  148
2020-06-01;AC;  6326;  161
2020-06-02;AC;  6465;  165
2020-06-03;AC;  6679;  171
2020-06-04;AC;  7021;  181
2020-06-05;AC;  7284;  190
2020-06-06;AC;  7525;  201
2020-06-07;AC;  7983;  207
2020-06-08;AC;  8127;  211
2020-06-09;AC;  8457;  223
2020-06-10;AC;  8746;  237
2020-06-11;AC;  9091;  245
2020-06-12;AC;  9295;  254
2020-06-13;AC;  9534;  256
2020-06-14;AC;  9642;  259
2020-06-15;AC;  9771;  265
2020-06-16;AC; 10003;  271
2020-06-17;AC; 10339;  281
2020-06-18;AC; 10664;  287
2020-06-19;AC; 10987;  292
2020-06-20;AC; 11263;  297
2020-06-21;AC; 11381;  300
2020-06-22;AC; 11539;  305
2020-06-23;AC; 11810;  321
2020-06-24;AC; 12022;  326
2020-06-25;AC; 12304;  335
2020-06-26;AC; 12644;  343
2020-06-27;AC; 12913;  351
2020-06-28;AC; 13058;  353
2020-06-29;AC; 13146;  361
2020-06-30;AC; 13253;  365
2020-07-01;AC; 13715;  370
2020-07-02;AC; 14048;  378
2020-07-03;AC; 14112;  387
2020-07-04;AC; 14487;  391
2020-07-05;AC; 14622;  391
2020-07-06;AC; 14688;  394
2020-07-07;AC; 14941;  399
2020-07-08;AC; 15167;  404
2020-07-09;AC; 15465;  411
2020-07-10;AC; 15768;  417
2020-07-11;AC; 16080;  419
2020-07-12;AC; 16190;  426
2020-07-13;AC; 16260;  430
2020-07-14;AC; 16479;  436
2020-07-15;AC; 16672;  446
2020-07-16;AC; 16865;  447
2020-07-17;AC; 16965;  452
2020-07-18;AC; 17202;  457
2020-07-19;AC; 17295;  460
2020-07-20;AC; 17462;  465
2020-07-21;AC; 17700;  469
2020-07-22;AC; 17979;  470
2020-07-23;AC; 18157;  474
2020-07-24;AC; 18393;  480
2020-07-25;AC; 18657;  483
2020-07-26;AC; 18745;  486
2020-07-27;AC; 18783;  493
2020-03-08;AL;     1;    0
2020-03-09;AL;     1;    0
2020-03-10;AL;     1;    0
2020-03-12;AL;     1;    0
2020-03-13;AL;     1;    0
2020-03-16;AL;     1;    0
2020-03-17;AL;     1;    0
2020-03-18;AL;     1;    0
2020-03-19;AL;     4;    0
2020-03-20;AL;     6;    0
2020-03-21;AL;     7;    0
2020-03-22;AL;     7;    0
2020-03-23;AL;     8;    0
2020-03-24;AL;    10;    0
2020-03-25;AL;    11;    0
2020-03-26;AL;    11;    0
2020-03-27;AL;    12;    0
2020-03-28;AL;    14;    0
2020-03-29;AL;    17;    0
2020-03-30;AL;    17;    0
2020-03-31;AL;    18;    1
2020-04-01;AL;    18;    1
2020-04-02;AL;    18;    1
2020-04-03;AL;    23;    2
2020-04-04;AL;    23;    2
2020-04-05;AL;    28;    2
2020-04-06;AL;    31;    2
2020-04-07;AL;    34;    2
2020-04-08;AL;    37;    3
2020-04-09;AL;    37;    3
2020-04-10;AL;    45;    3
2020-04-11;AL;    48;    3
2020-04-12;AL;    48;    3
2020-04-13;AL;    58;    4
2020-04-14;AL;    72;    4
2020-04-15;AL;    83;    5
2020-04-16;AL;    89;    5
2020-04-17;AL;   110;    7
2020-04-18;AL;   132;   10
2020-04-19;AL;   159;   15
2020-04-20;AL;   171;   18
2020-04-21;AL;   210;   19
2020-04-22;AL;   243;   20
2020-04-23;AL;   324;   22
2020-04-24;AL;   413;   27
2020-04-25;AL;   501;   29
2020-04-26;AL;   560;   32
2020-04-27;AL;   643;   34
2020-04-28;AL;   777;   36
2020-04-29;AL;   957;   41
2020-04-30;AL;  1045;   47
2020-05-01;AL;  1226;   53
2020-05-02;AL;  1371;   58
2020-05-03;AL;  1441;   64
2020-05-04;AL;  1538;   72
2020-05-05;AL;  1605;   80
2020-05-06;AL;  1703;   89
2020-05-07;AL;  1867;   98
2020-05-08;AL;  2033;  108
2020-05-09;AL;  2170;  114
2020-05-10;AL;  2258;  126
2020-05-11;AL;  2343;  138
2020-05-12;AL;  2580;  150
2020-05-13;AL;  2761;  164
2020-05-14;AL;  2972;  177
2020-05-15;AL;  3212;  187
2020-05-16;AL;  3593;  199
2020-05-17;AL;  3816;  210
2020-05-18;AL;  4031;  221
2020-05-19;AL;  4319;  234
2020-05-20;AL;  4437;  251
2020-05-21;AL;  4916;  262
2020-05-22;AL;  5302;  280
2020-05-23;AL;  5630;  301
2020-05-24;AL;  6214;  316
2020-05-25;AL;  6682;  337
2020-05-26;AL;  7058;  352
2020-05-27;AL;  7580;  368
2020-05-28;AL;  8056;  385
2020-05-29;AL;  8619;  406
2020-05-30;AL;  9223;  424
2020-05-31;AL; 10288;  443
2020-06-01;AL; 10837;  461
2020-06-02;AL; 11559;  482
2020-06-03;AL; 12407;  506
2020-06-04;AL; 13096;  531
2020-06-05;AL; 13939;  557
2020-06-06;AL; 14818;  582
2020-06-07;AL; 15706;  601
2020-06-08;AL; 16339;  622
2020-06-09;AL; 17193;  640
2020-06-10;AL; 18176;  660
2020-06-11;AL; 19200;  681
2020-06-12;AL; 20031;  701
2020-06-13;AL; 20887;  723
2020-06-14;AL; 22199;  744
2020-06-15;AL; 22926;  768
2020-06-16;AL; 23632;  793
2020-06-17;AL; 24867;  811
2020-06-18;AL; 25633;  831
2020-06-19;AL; 26906;  848
2020-06-20;AL; 27698;  866
2020-06-21;AL; 28657;  884
2020-06-22;AL; 29395;  903
2020-06-23;AL; 30246;  920
2020-06-24;AL; 31230;  938
2020-06-25;AL; 32065;  958
2020-06-26;AL; 32864;  975
2020-06-27;AL; 33521;  993
2020-06-28;AL; 34312; 1012
2020-06-29;AL; 35116; 1032
2020-06-30;AL; 35962; 1052
2020-07-01;AL; 36819; 1072
2020-07-02;AL; 37328; 1091
2020-07-03;AL; 38404; 1113
2020-07-04;AL; 39255; 1134
2020-07-05;AL; 39935; 1153
2020-07-06;AL; 40569; 1172
2020-07-07;AL; 41524; 1192
2020-07-08;AL; 42322; 1213
2020-07-09;AL; 43191; 1230
2020-07-10;AL; 43959; 1246
2020-07-11;AL; 44633; 1264
2020-07-12;AL; 45330; 1281
2020-07-13;AL; 46296; 1297
2020-07-14;AL; 47005; 1314
2020-07-15;AL; 47864; 1331
2020-07-16;AL; 48734; 1348
2020-07-17;AL; 49253; 1365
2020-07-18;AL; 49583; 1381
2020-07-19;AL; 50079; 1397
2020-07-20;AL; 50307; 1413
2020-07-21;AL; 50951; 1428
2020-07-22;AL; 51680; 1443
2020-07-23;AL; 52529; 1457
2020-07-24;AL; 53713; 1471
2020-07-25;AL; 54730; 1486
2020-07-26;AL; 55376; 1500
2020-07-27;AL; 56204; 1514
2020-03-13;AM;     2;    0
2020-03-18;AM;     2;    0
2020-03-19;AM;     3;    0
2020-03-20;AM;     7;    0
2020-03-21;AM;    11;    0
2020-03-22;AM;    26;    0
2020-03-23;AM;    32;    0
2020-03-24;AM;    47;    1
2020-03-25;AM;    54;    1
2020-03-26;AM;    67;    1
2020-03-27;AM;    81;    1
2020-03-28;AM;   111;    1
2020-03-29;AM;   140;    1
2020-03-30;AM;   151;    2
2020-03-31;AM;   175;    3
2020-04-01;AM;   200;    3
2020-04-02;AM;   229;    3
2020-04-03;AM;   260;    7
2020-04-04;AM;   311;   12
2020-04-05;AM;   417;   15
2020-04-06;AM;   532;   19
2020-04-07;AM;   636;   23
2020-04-08;AM;   804;   30
2020-04-09;AM;   899;   40
2020-04-10;AM;   981;   50
2020-04-11;AM;  1049;   53
2020-04-12;AM;  1206;   62
2020-04-13;AM;  1275;   71
2020-04-14;AM;  1484;   90
2020-04-15;AM;  1554;  106
2020-04-16;AM;  1719;  124
2020-04-17;AM;  1809;  145
2020-04-18;AM;  1897;  161
2020-04-19;AM;  2044;  182
2020-04-20;AM;  2160;  185
2020-04-21;AM;  2270;  193
2020-04-22;AM;  2479;  206
2020-04-23;AM;  2888;  234
2020-04-24;AM;  3194;  255
2020-04-25;AM;  3635;  287
2020-04-26;AM;  3833;  304
2020-04-27;AM;  3928;  320
2020-04-28;AM;  4337;  351
2020-04-29;AM;  4801;  380
2020-04-30;AM;  5254;  425
2020-05-01;AM;  5723;  476
2020-05-02;AM;  6062;  501
2020-05-03;AM;  6683;  548
2020-05-04;AM;  7313;  585
2020-05-05;AM;  8109;  649
2020-05-06;AM;  9243;  751
2020-05-07;AM; 10099;  806
2020-05-08;AM; 10727;  874
2020-05-09;AM; 11925;  962
2020-05-10;AM; 12599; 1004
2020-05-11;AM; 12919; 1035
2020-05-12;AM; 14168; 1098
2020-05-13;AM; 15816; 1160
2020-05-14;AM; 17181; 1235
2020-05-15;AM; 18392; 1331
2020-05-16;AM; 19677; 1375
2020-05-17;AM; 20328; 1413
2020-05-18;AM; 20913; 1433
2020-05-19;AM; 22132; 1491
2020-05-20;AM; 23704; 1561
2020-05-21;AM; 25367; 1620
2020-05-22;AM; 27038; 1669
2020-05-23;AM; 28802; 1744
2020-05-24;AM; 29867; 1758
2020-05-25;AM; 30282; 1781
2020-05-26;AM; 31949; 1852
2020-05-27;AM; 33508; 1891
2020-05-28;AM; 36146; 1964
2020-05-29;AM; 38909; 2011
2020-05-30;AM; 40560; 2047
2020-05-31;AM; 41378; 2052
2020-06-01;AM; 41774; 2071
2020-06-02;AM; 43195; 2102
2020-06-03;AM; 44347; 2138
2020-06-04;AM; 46473; 2158
2020-06-05;AM; 47666; 2199
2020-06-06;AM; 48785; 2232
2020-06-07;AM; 49269; 2250
2020-06-08;AM; 49817; 2271
2020-06-09;AM; 51234; 2315
2020-06-10;AM; 52849; 2363
2020-06-11;AM; 53989; 2400
2020-06-12;AM; 55111; 2429
2020-06-13;AM; 56026; 2465
2020-06-14;AM; 56506; 2492
2020-06-15;AM; 56777; 2512
2020-06-16;AM; 58018; 2550
2020-06-17;AM; 59547; 2579
2020-06-18;AM; 60336; 2605
2020-06-19;AM; 61341; 2624
2020-06-20;AM; 62579; 2650
2020-06-21;AM; 63090; 2657
2020-06-22;AM; 63425; 2671
2020-06-23;AM; 64808; 2686
2020-06-24;AM; 66506; 2710
2020-06-25;AM; 67267; 2731
2020-06-26;AM; 68220; 2739
2020-06-27;AM; 69022; 2772
2020-06-28;AM; 69649; 2782
2020-06-29;AM; 69893; 2792
2020-06-30;AM; 70823; 2823
2020-07-01;AM; 72284; 2843
2020-07-02;AM; 73530; 2862
2020-07-03;AM; 74537; 2887
2020-07-04;AM; 75502; 2918
2020-07-05;AM; 76014; 2929
2020-07-06;AM; 76427; 2938
2020-07-07;AM; 79167; 2952
2020-07-08;AM; 80082; 2967
2020-07-09;AM; 81318; 2985
2020-07-10;AM; 82507; 3008
2020-07-11;AM; 83230; 3023
2020-07-12;AM; 83526; 3039
2020-07-13;AM; 84412; 3048
2020-07-14;AM; 85800; 3064
2020-07-15;AM; 86944; 3080
2020-07-16;AM; 88025; 3094
2020-07-17;AM; 88822; 3118
2020-07-18;AM; 90534; 3129
2020-07-19;AM; 90913; 3149
2020-07-20;AM; 91389; 3146
2020-07-21;AM; 92164; 3169
2020-07-22;AM; 92721; 3183
2020-07-23;AM; 94219; 3193
2020-07-24;AM; 95424; 3199
2020-07-25;AM; 96094; 3210
2020-07-26;AM; 96463; 3217
2020-07-27;AM; 97079; 3224
2020-03-20;AP;     1;    0
2020-03-21;AP;     1;    0
2020-03-22;AP;     1;    0
2020-03-23;AP;     1;    0
2020-03-24;AP;     1;    0
2020-03-25;AP;     2;    0
2020-03-26;AP;     2;    0
2020-03-27;AP;     3;    0
2020-03-28;AP;     4;    0
2020-03-29;AP;     8;    0
2020-03-30;AP;     8;    0
2020-03-31;AP;    10;    0
2020-04-01;AP;    11;    0
2020-04-02;AP;    12;    0
2020-04-03;AP;    19;    0
2020-04-04;AP;    29;    1
2020-04-05;AP;    32;    1
2020-04-06;AP;    39;    2
2020-04-07;AP;    51;    2
2020-04-08;AP;   107;    2
2020-04-09;AP;   110;    2
2020-04-10;AP;   166;    2
2020-04-11;AP;   193;    5
2020-04-12;AP;   237;    5
2020-04-13;AP;   244;    6
2020-04-14;AP;   308;    7
2020-04-15;AP;   342;    7
2020-04-16;AP;   362;   10
2020-04-17;AP;   375;   10
2020-04-18;AP;   400;   10
2020-04-19;AP;   416;   11
2020-04-20;AP;   435;   13
2020-04-21;AP;   466;   13
2020-04-22;AP;   492;   14
2020-04-23;AP;   555;   16
2020-04-24;AP;   648;   18
2020-04-25;AP;   689;   20
2020-04-26;AP;   821;   23
2020-04-27;AP;   842;   26
2020-04-28;AP;   918;   28
2020-04-29;AP;  1016;   31
2020-04-30;AP;  1080;   34
2020-05-01;AP;  1121;   37
2020-05-02;AP;  1187;   40
2020-05-03;AP;  1482;   43
2020-05-04;AP;  1733;   49
2020-05-05;AP;  1931;   55
2020-05-06;AP;  2046;   56
2020-05-07;AP;  2199;   61
2020-05-08;AP;  2322;   66
2020-05-09;AP;  2493;   69
2020-05-10;AP;  2613;   72
2020-05-11;AP;  2671;   73
2020-05-12;AP;  2910;   86
2020-05-13;AP;  3005;   94
2020-05-14;AP;  3428;  101
2020-05-15;AP;  3630;  103
2020-05-16;AP;  3834;  108
2020-05-17;AP;  3952;  119
2020-05-18;AP;  4023;  127
2020-05-19;AP;  4310;  136
2020-05-20;AP;  4549;  142
2020-05-21;AP;  5188;  151
2020-05-22;AP;  5655;  157
2020-05-24;AP;  6353;  163
2020-05-25;AP;  6584;  168
2020-05-26;AP;  6967;  173
2020-05-27;AP;  7619;  183
2020-05-28;AP;  8152;  198
2020-05-29;AP;  8469;  207
2020-05-30;AP;  9313;  215
2020-05-31;AP;  9602;  222
2020-06-01;AP;  9890;  228
2020-06-02;AP; 10511;  237
2020-06-03;AP; 11107;  247
2020-06-04;AP; 11551;  254
2020-06-05;AP; 12327;  260
2020-06-06;AP; 12773;  269
2020-06-07;AP; 13045;  272
2020-06-08;AP; 13294;  278
2020-06-09;AP; 13771;  285
2020-06-10;AP; 14623;  289
2020-06-11;AP; 15166;  303
2020-06-12;AP; 15683;  312
2020-06-13;AP; 16322;  319
2020-06-14;AP; 16512;  324
2020-06-15;AP; 16813;  329
2020-06-16;AP; 18024;  337
2020-06-17;AP; 18618;  338
2020-06-18;AP; 19387;  342
2020-06-19;AP; 19922;  348
2020-06-20;AP; 21574;  353
2020-06-21;AP; 21840;  359
2020-06-22;AP; 24862;  372
2020-06-23;AP; 26437;  380
2020-06-24;AP; 26919;  387
2020-06-25;AP; 27415;  394
2020-06-26;AP; 27662;  401
2020-06-27;AP; 27901;  406
2020-06-28;AP; 27985;  407
2020-06-29;AP; 28253;  413
2020-06-30;AP; 28492;  417
2020-07-01;AP; 28927;  420
2020-07-02;AP; 29153;  427
2020-07-03;AP; 29574;  438
2020-07-04;AP; 29809;  441
2020-07-05;AP; 29883;  442
2020-07-06;AP; 30004;  449
2020-07-07;AP; 30294;  455
2020-07-08;AP; 30524;  462
2020-07-09;AP; 30763;  467
2020-07-10;AP; 31080;  470
2020-07-11;AP; 31279;  473
2020-07-12;AP; 31364;  474
2020-07-13;AP; 31552;  478
2020-07-14;AP; 31885;  483
2020-07-15;AP; 32408;  488
2020-07-16;AP; 33004;  493
2020-07-17;AP; 33436;  499
2020-07-18;AP; 33585;  505
2020-07-19;AP; 33705;  507
2020-07-20;AP; 34145;  515
2020-07-21;AP; 34405;  533
2020-07-22;AP; 34660;  544
2020-07-23;AP; 34838;  548
2020-07-24;AP; 35026;  552
2020-07-25;AP; 35162;  554
2020-07-26;AP; 35220;  554
2020-07-27;AP; 35364;  556
2020-03-06;BA;     1;    0
2020-03-07;BA;     2;    0
2020-03-09;BA;     2;    0
2020-03-10;BA;     2;    0
2020-03-11;BA;     3;    0
2020-03-12;BA;     3;    0
2020-03-13;BA;     7;    0
2020-03-15;BA;     9;    0
2020-03-16;BA;    10;    0
2020-03-17;BA;    14;    0
2020-03-18;BA;    27;    0
2020-03-19;BA;    31;    0
2020-03-20;BA;    34;    0
2020-03-21;BA;    41;    0
2020-03-22;BA;    55;    0
2020-03-23;BA;    63;    0
2020-03-24;BA;    79;    0
2020-03-25;BA;    91;    0
2020-03-26;BA;   108;    0
2020-03-27;BA;   123;    0
2020-03-28;BA;   127;    0
2020-03-29;BA;   156;    1
2020-03-30;BA;   176;    2
2020-03-31;BA;   217;    2
2020-04-01;BA;   246;    2
2020-04-02;BA;   267;    3
2020-04-03;BA;   290;    6
2020-04-04;BA;   336;    7
2020-04-05;BA;   401;    9
2020-04-06;BA;   437;   10
2020-04-07;BA;   462;   14
2020-04-08;BA;   515;   18
2020-04-09;BA;   568;   19
2020-04-10;BA;   616;   19
2020-04-11;BA;   640;   21
2020-04-12;BA;   674;   21
2020-04-13;BA;   723;   22
2020-04-14;BA;   776;   26
2020-04-15;BA;   884;   28
2020-04-16;BA;   967;   34
2020-04-17;BA;  1064;   36
2020-04-18;BA;  1200;   40
2020-04-19;BA;  1249;   45
2020-04-20;BA;  1377;   47
2020-04-21;BA;  1504;   48
2020-04-22;BA;  1645;   53
2020-04-23;BA;  1845;   62
2020-04-24;BA;  1979;   67
2020-04-25;BA;  2116;   72
2020-04-26;BA;  2248;   74
2020-04-27;BA;  2356;   83
2020-04-28;BA;  2564;   93
2020-04-29;BA;  2676;  100
2020-04-30;BA;  2867;  106
2020-05-01;BA;  3140;  117
2020-05-02;BA;  3315;  123
2020-05-03;BA;  3566;  128
2020-05-04;BA;  3734;  141
2020-05-05;BA;  4040;  146
2020-05-06;BA;  4301;  160
2020-05-07;BA;  4528;  165
2020-05-08;BA;  4818;  183
2020-05-09;BA;  5174;  196
2020-05-10;BA;  5558;  202
2020-05-11;BA;  5808;  214
2020-05-12;BA;  6204;  225
2020-05-13;BA;  6547;  236
2020-05-14;BA;  6955;  262
2020-05-15;BA;  8128;  281
2020-05-16;BA;  8314;  286
2020-05-17;BA;  8443;  295
2020-05-18;BA;  8881;  312
2020-05-19;BA; 11013;  326
2020-05-20;BA; 11197;  362
2020-05-21;BA; 11941;  376
2020-05-22;BA; 12557;  399
2020-05-23;BA; 13000;  413
2020-05-24;BA; 13899;  460
2020-05-25;BA; 14204;  477
2020-05-26;BA; 14566;  495
2020-05-27;BA; 15070;  531
2020-05-28;BA; 15963;  570
2020-05-29;BA; 16917;  609
2020-05-30;BA; 17626;  638
2020-05-31;BA; 18392;  667
2020-06-01;BA; 18898;  701
2020-06-02;BA; 21430;  736
2020-06-03;BA; 22451;  762
2020-06-04;BA; 23463;  790
2020-06-05;BA; 26419;  819
2020-06-06;BA; 27396;  846
2020-06-07;BA; 28250;  879
2020-06-08;BA; 28715;  910
2020-06-09;BA; 30481;  937
2020-06-10;BA; 32685;  975
2020-06-11;BA; 33891; 1013
2020-06-12;BA; 34665; 1039
2020-06-13;BA; 35788; 1069
2020-06-14;BA; 36401; 1105
2020-06-15;BA; 37620; 1145
2020-06-16;BA; 39206; 1181
2020-06-17;BA; 40926; 1222
2020-06-18;BA; 41577; 1263
2020-06-19;BA; 43922; 1305
2020-06-20;BA; 45304; 1350
2020-06-21;BA; 46279; 1391
2020-06-22;BA; 47086; 1441
2020-06-23;BA; 49084; 1491
2020-06-24;BA; 51931; 1541
2020-06-25;BA; 54291; 1601
2020-06-26;BA; 56422; 1642
2020-06-27;BA; 65244; 1697
2020-06-28;BA; 68495; 1748
2020-06-29;BA; 69467; 1800
2020-06-30;BA; 73307; 1853
2020-07-01;BA; 76485; 1902
2020-07-02;BA; 79349; 1947
2020-07-03;BA; 82314; 2001
2020-07-04;BA; 85485; 2050
2020-07-05;BA; 87048; 2107
2020-07-06;BA; 88279; 2168
2020-07-07;BA; 91954; 2216
2020-07-08;BA; 95536; 2277
2020-07-09;BA; 98319; 2328
2020-07-10;BA;101186; 2383
2020-07-11;BA;104188; 2436
2020-07-12;BA;105763; 2483
2020-07-13;BA;106891; 2535
2020-07-14;BA;110029; 2584
2020-07-15;BA;112993; 2638
2020-07-16;BA;116373; 2693
2020-07-17;BA;118657; 2738
2020-07-18;BA;120238; 2793
2020-07-19;BA;122169; 2840
2020-07-20;BA;123292; 2891
2020-07-21;BA;126844; 2936
2020-07-22;BA;133245; 2988
2020-07-23;BA;138358; 3044
2020-07-24;BA;142767; 3096
2020-07-25;BA;146399; 3140
2020-07-26;BA;148179; 3182
2020-07-27;BA;149109; 3227
2020-03-16;CE;     9;    0
2020-03-17;CE;    10;    0
2020-03-18;CE;    19;    0
2020-03-19;CE;    24;    0
2020-03-20;CE;    68;    0
2020-03-21;CE;    84;    0
2020-03-22;CE;   125;    0
2020-03-23;CE;   164;    0
2020-03-24;CE;   185;    0
2020-03-25;CE;   211;    0
2020-03-26;CE;   237;    3
2020-03-27;CE;   282;    3
2020-03-28;CE;   322;    4
2020-03-29;CE;   359;    5
2020-03-30;CE;   382;    5
2020-03-31;CE;   401;    7
2020-04-01;CE;   445;    9
2020-04-02;CE;   563;   21
2020-04-03;CE;   658;   22
2020-04-04;CE;   745;   23
2020-04-05;CE;   960;   35
2020-04-06;CE;  1045;   35
2020-04-07;CE;  1188;   40
2020-04-08;CE;  1394;   57
2020-04-09;CE;  1445;   57
2020-04-10;CE;  1558;   67
2020-04-11;CE;  1668;   74
2020-04-12;CE;  1747;   76
2020-04-13;CE;  1935;  101
2020-04-14;CE;  2070;  111
2020-04-15;CE;  2291;  124
2020-04-16;CE;  2412;  135
2020-04-17;CE;  2747;  155
2020-04-18;CE;  3062;  180
2020-04-19;CE;  3306;  189
2020-04-20;CE;  3485;  206
2020-04-21;CE;  3682;  221
2020-04-22;CE;  4116;  239
2020-04-23;CE;  4702;  271
2020-04-24;CE;  5121;  293
2020-04-25;CE;  5667;  326
2020-04-26;CE;  6260;  376
2020-04-27;CE;  6783;  397
2020-04-28;CE;  6985;  417
2020-04-29;CE;  7409;  450
2020-04-30;CE;  7861;  492
2020-05-01;CE;  8000;  539
2020-05-02;CE;  8309;  638
2020-05-03;CE;  8379;  677
2020-05-04;CE; 11040;  712
2020-05-05;CE; 11470;  795
2020-05-06;CE; 12310;  849
2020-05-07;CE; 13888;  903
2020-05-08;CE; 15134;  997
2020-05-09;CE; 15879; 1062
2020-05-10;CE; 16692; 1114
2020-05-11;CE; 17599; 1189
2020-05-12;CE; 18412; 1280
2020-05-13;CE; 19156; 1389
2020-05-14;CE; 21077; 1413
2020-05-15;CE; 23059; 1566
2020-05-16;CE; 23795; 1614
2020-05-17;CE; 24255; 1641
2020-05-18;CE; 26363; 1748
2020-05-19;CE; 28112; 1856
2020-05-20;CE; 30560; 1900
2020-05-21;CE; 31413; 2161
2020-05-22;CE; 34573; 2251
2020-05-23;CE; 35122; 2308
2020-05-24;CE; 35595; 2324
2020-05-25;CE; 36185; 2493
2020-05-26;CE; 37021; 2603
2020-05-27;CE; 37275; 2671
2020-05-28;CE; 37821; 2733
2020-05-29;CE; 38395; 2859
2020-05-30;CE; 47822; 2956
2020-05-31;CE; 48489; 3010
2020-06-01;CE; 50504; 3188
2020-06-02;CE; 54683; 3504
2020-06-03;CE; 56056; 3605
2020-06-04;CE; 59795; 3813
2020-06-05;CE; 62176; 3907
2020-06-06;CE; 63575; 3965
2020-06-07;CE; 64271; 3982
2020-06-08;CE; 66218; 4192
2020-06-09;CE; 69023; 4359
2020-06-10;CE; 71947; 4519
2020-06-11;CE; 74692; 4708
2020-06-12;CE; 75784; 4812
2020-06-13;CE; 76429; 4829
2020-06-14;CE; 76833; 4885
2020-06-15;CE; 79853; 5041
2020-06-16;CE; 82169; 5192
2020-06-17;CE; 85606; 5307
2020-06-18;CE; 88132; 5393
2020-06-19;CE; 90441; 5497
2020-06-20;CE; 92397; 5520
2020-06-21;CE; 92866; 5523
2020-06-22;CE; 94708; 5618
2020-06-23;CE; 98055; 5728
2020-06-24;CE; 99578; 5815
2020-06-25;CE;103118; 5895
2020-06-26;CE;105270; 5962
2020-06-27;CE;107064; 5987
2020-06-28;CE;107593; 5995
2020-06-29;CE;108225; 6076
2020-06-30;CE;110483; 6146
2020-07-01;CE;114038; 6203
2020-07-02;CE;116519; 6307
2020-07-03;CE;118311; 6373
2020-07-04;CE;121464; 6441
2020-07-05;CE;121986; 6439
2020-07-06;CE;123394; 6504
2020-07-07;CE;126142; 6563
2020-07-08;CE;129598; 6678
2020-07-09;CE;131324; 6774
2020-07-10;CE;134610; 6842
2020-07-11;CE;136001; 6867
2020-07-12;CE;136790; 6869
2020-07-13;CE;137234; 6975
2020-07-14;CE;139437; 6977
2020-07-15;CE;141832; 7081
2020-07-16;CE;144058; 7139
2020-07-17;CE;146064; 7166
2020-07-18;CE;146972; 7178
2020-07-19;CE;147378; 7179
2020-07-20;CE;147818; 7256
2020-07-21;CE;151072; 7305
2020-07-22;CE;154381; 7329
2020-07-23;CE;156265; 7411
2020-07-24;CE;159953; 7456
2020-07-25;CE;161844; 7480
2020-07-26;CE;162086; 7494
2020-07-27;CE;162429; 7509
2020-03-07;DF;     1;    0
2020-03-08;DF;     1;    0
2020-03-09;DF;     1;    0
2020-03-10;DF;     1;    0
2020-03-11;DF;     2;    0
2020-03-12;DF;     2;    0
2020-03-13;DF;     2;    0
2020-03-14;DF;     8;    0
2020-03-15;DF;    14;    0
2020-03-16;DF;    19;    0
2020-03-18;DF;    34;    0
2020-03-19;DF;    42;    0
2020-03-20;DF;    87;    0
2020-03-21;DF;   108;    0
2020-03-22;DF;   117;    0
2020-03-23;DF;   138;    0
2020-03-24;DF;   161;    0
2020-03-25;DF;   195;    0
2020-03-26;DF;   201;    0
2020-03-27;DF;   241;    0
2020-03-28;DF;   260;    0
2020-03-29;DF;   298;    1
2020-03-30;DF;   312;    2
2020-03-31;DF;   333;    3
2020-04-01;DF;   370;    4
2020-04-02;DF;   400;    5
2020-04-03;DF;   419;    6
2020-04-04;DF;   456;    7
2020-04-05;DF;   468;    7
2020-04-06;DF;   485;   10
2020-04-07;DF;   503;   12
2020-04-08;DF;   509;   12
2020-04-09;DF;   527;   13
2020-04-10;DF;   556;   14
2020-04-11;DF;   592;   14
2020-04-12;DF;   618;   14
2020-04-13;DF;   641;   15
2020-04-14;DF;   651;   17
2020-04-15;DF;   688;   17
2020-04-16;DF;   727;   20
2020-04-17;DF;   756;   24
2020-04-18;DF;   796;   24
2020-04-19;DF;   860;   24
2020-04-20;DF;   875;   24
2020-04-21;DF;   913;   24
2020-04-22;DF;   959;   25
2020-04-23;DF;   968;   26
2020-04-24;DF;  1012;   26
2020-04-25;DF;  1020;   27
2020-04-26;DF;  1125;   27
2020-04-27;DF;  1189;   28
2020-04-28;DF;  1230;   28
2020-04-29;DF;  1313;   28
2020-04-30;DF;  1423;   30
2020-05-01;DF;  1546;   31
2020-05-02;DF;  1605;   32
2020-05-03;DF;  1720;   33
2020-05-04;DF;  1793;   33
2020-05-05;DF;  1837;   34
2020-05-06;DF;  2046;   35
2020-05-07;DF;  2258;   35
2020-05-08;DF;  2442;   37
2020-05-09;DF;  2576;   39
2020-05-10;DF;  2682;   42
2020-05-11;DF;  2799;   44
2020-05-12;DF;  2979;   46
2020-05-13;DF;  3192;   48
2020-05-14;DF;  3416;   51
2020-05-15;DF;  3787;   55
2020-05-16;DF;  4140;   56
2020-05-17;DF;  4368;   58
2020-05-18;DF;  4618;   66
2020-05-19;DF;  4853;   72
2020-05-20;DF;  5271;   78
2020-05-21;DF;  5542;   84
2020-05-22;DF;  5948;   90
2020-05-23;DF;  6248;   95
2020-05-24;DF;  6638;  104
2020-05-25;DF;  6930;  114
2020-05-26;DF;  7210;  124
2020-05-27;DF;  7761;  133
2020-05-28;DF;  8300;  142
2020-05-29;DF;  8722;  154
2020-05-30;DF;  9474;  162
2020-05-31;DF;  9780;  170
2020-06-01;DF; 10510;  173
2020-06-02;DF; 11256;  177
2020-06-03;DF; 12020;  191
2020-06-04;DF; 12923;  196
2020-06-05;DF; 14208;  202
2020-06-06;DF; 15850;  208
2020-06-07;DF; 16623;  214
2020-06-08;DF; 16948;  226
2020-06-09;DF; 18090;  236
2020-06-10;DF; 19433;  256
2020-06-11;DF; 20507;  274
2020-06-12;DF; 21396;  282
2020-06-13;DF; 21959;  293
2020-06-14;DF; 22871;  304
2020-06-15;DF; 23684;  319
2020-06-16;DF; 25380;  348
2020-06-17;DF; 27140;  365
2020-06-18;DF; 28521;  379
2020-06-19;DF; 30902;  396
2020-06-20;DF; 32238;  405
2020-06-21;DF; 33227;  423
2020-06-22;DF; 34148;  449
2020-06-23;DF; 35368;  475
2020-06-24;DF; 37254;  495
2020-06-25;DF; 38871;  509
2020-06-26;DF; 41326;  532
2020-06-27;DF; 42766;  537
2020-06-28;DF; 44905;  548
2020-06-29;DF; 47071;  559
2020-06-30;DF; 49218;  587
2020-07-01;DF; 50676;  620
2020-07-02;DF; 52281;  631
2020-07-03;DF; 53996;  643
2020-07-04;DF; 55760;  671
2020-07-05;DF; 57854;  699
2020-07-06;DF; 60383;  726
2020-07-07;DF; 62694;  767
2020-07-08;DF; 64314;  801
2020-07-09;DF; 65677;  823
2020-07-10;DF; 67297;  856
2020-07-11;DF; 68406;  871
2020-07-12;DF; 70712;  902
2020-07-13;DF; 72284;  930
2020-07-14;DF; 73654;  960
2020-07-15;DF; 75379; 1001
2020-07-16;DF; 77621; 1037
2020-07-17;DF; 79400; 1060
2020-07-18;DF; 81163; 1075
2020-07-19;DF; 82412; 1085
2020-07-20;DF; 84287; 1112
2020-07-21;DF; 86076; 1158
2020-07-22;DF; 87801; 1176
2020-07-23;DF; 90023; 1218
2020-07-24;DF; 92414; 1244
2020-07-25;DF; 94187; 1275
2020-07-26;DF; 96332; 1308
2020-07-27;DF; 98480; 1339
2020-03-05;ES;     1;    0
2020-03-06;ES;     1;    0
2020-03-07;ES;     1;    0
2020-03-08;ES;     1;    0
2020-03-09;ES;     1;    0
2020-03-10;ES;     1;    0
2020-03-11;ES;     1;    0
2020-03-12;ES;     2;    0
2020-03-13;ES;     2;    0
2020-03-14;ES;     4;    0
2020-03-15;ES;     4;    0
2020-03-16;ES;     8;    0
2020-03-17;ES;     8;    0
2020-03-18;ES;    11;    0
2020-03-19;ES;    13;    0
2020-03-20;ES;    16;    0
2020-03-21;ES;    26;    0
2020-03-22;ES;    26;    0
2020-03-23;ES;    33;    0
2020-03-24;ES;    40;    0
2020-03-25;ES;    40;    0
2020-03-26;ES;    48;    0
2020-03-27;ES;    54;    0
2020-03-28;ES;    61;    0
2020-03-29;ES;    72;    0
2020-03-30;ES;    85;    0
2020-03-31;ES;    97;    0
2020-04-01;ES;   120;    0
2020-04-02;ES;   139;    2
2020-04-03;ES;   153;    5
2020-04-04;ES;   166;    6
2020-04-05;ES;   194;    6
2020-04-06;ES;   209;    6
2020-04-07;ES;   227;    6
2020-04-08;ES;   273;    6
2020-04-09;ES;   300;    7
2020-04-10;ES;   349;    8
2020-04-11;ES;   383;    9
2020-04-12;ES;   430;   14
2020-04-13;ES;   463;   17
2020-04-14;ES;   557;   18
2020-04-15;ES;   734;   21
2020-04-16;ES;   935;   28
2020-04-17;ES;   952;   28
2020-04-18;ES;  1099;   30
2020-04-19;ES;  1195;   34
2020-04-20;ES;  1212;   34
2020-04-21;ES;  1313;   34
2020-04-22;ES;  1351;   37
2020-04-23;ES;  1453;   43
2020-04-24;ES;  1665;   47
2020-04-25;ES;  1711;   52
2020-04-26;ES;  1819;   57
2020-04-27;ES;  1944;   63
2020-04-28;ES;  2164;   77
2020-04-29;ES;  2538;   84
2020-04-30;ES;  2688;   93
2020-05-01;ES;  2913;  101
2020-05-02;ES;  3104;  104
2020-05-03;ES;  3208;  115
2020-05-04;ES;  3351;  123
2020-05-05;ES;  3540;  133
2020-05-06;ES;  3714;  146
2020-05-07;ES;  3988;  157
2020-05-08;ES;  4242;  165
2020-05-09;ES;  4412;  172
2020-05-10;ES;  4599;  181
2020-05-11;ES;  4819;  196
2020-05-12;ES;  5087;  212
2020-05-13;ES;  5401;  233
2020-05-14;ES;  5813;  249
2020-05-15;ES;  6198;  260
2020-05-16;ES;  6595;  271
2020-05-17;ES;  6744;  285
2020-05-18;ES;  7157;  302
2020-05-19;ES;  7693;  325
2020-05-20;ES;  8495;  346
2020-05-21;ES;  8878;  363
2020-05-22;ES;  9520;  397
2020-05-23;ES;  9918;  417
2020-05-24;ES; 10007;  447
2020-05-25;ES; 10365;  465
2020-05-26;ES; 10889;  487
2020-05-27;ES; 11484;  511
2020-05-28;ES; 12203;  538
2020-05-29;ES; 12903;  560
2020-05-30;ES; 13437;  583
2020-05-31;ES; 13690;  604
2020-06-01;ES; 14285;  628
2020-06-02;ES; 15151;  664
2020-06-03;ES; 16121;  698
2020-06-04;ES; 16894;  737
2020-06-05;ES; 18109;  780
2020-06-06;ES; 18950;  806
2020-06-07;ES; 19619;  832
2020-06-08;ES; 20659;  871
2020-06-09;ES; 21964;  904
2020-06-10;ES; 23391;  937
2020-06-11;ES; 24428;  966
2020-06-12;ES; 25502;  999
2020-06-13;ES; 26011; 1028
2020-06-14;ES; 26469; 1055
2020-06-15;ES; 27652; 1087
2020-06-16;ES; 29030; 1132
2020-06-17;ES; 30507; 1179
2020-06-18;ES; 31772; 1223
2020-06-19;ES; 33232; 1267
2020-06-20;ES; 34238; 1297
2020-06-21;ES; 34866; 1328
2020-06-22;ES; 36147; 1387
2020-06-23;ES; 36827; 1425
2020-06-24;ES; 38483; 1463
2020-06-25;ES; 40406; 1490
2020-06-26;ES; 41652; 1507
2020-06-28;ES; 43683; 1566
2020-06-29;ES; 45097; 1620
2020-06-30;ES; 46893; 1647
2020-07-01;ES; 48821; 1692
2020-07-02;ES; 50242; 1727
2020-07-03;ES; 51689; 1758
2020-07-04;ES; 52824; 1781
2020-07-05;ES; 53393; 1803
2020-07-06;ES; 54547; 1836
2020-07-07;ES; 56703; 1879
2020-07-08;ES; 58841; 1912
2020-07-09;ES; 60009; 1929
2020-07-10;ES; 61361; 1967
2020-07-11;ES; 62393; 1995
2020-07-12;ES; 62873; 2010
2020-07-13;ES; 63881; 2040
2020-07-14;ES; 65213; 2082
2020-07-15;ES; 66352; 2096
2020-07-16;ES; 68118; 2136
2020-07-17;ES; 69463; 2174
2020-07-18;ES; 70131; 2202
2020-07-19;ES; 70609; 2222
2020-07-20;ES; 71703; 2256
2020-07-21;ES; 72605; 2280
2020-07-22;ES; 73755; 2308
2020-07-23;ES; 74610; 2341
2020-07-24;ES; 75854; 2373
2020-07-25;ES; 76598; 2386
2020-07-26;ES; 77201; 2411
2020-07-27;ES; 78180; 2437
2020-03-12;GO;     3;    0
2020-03-13;GO;     3;    0
2020-03-14;GO;     4;    0
2020-03-15;GO;     4;    0
2020-03-16;GO;     9;    0
2020-03-17;GO;    10;    0
2020-03-18;GO;    12;    0
2020-03-19;GO;    15;    0
2020-03-20;GO;    18;    0
2020-03-21;GO;    19;    0
2020-03-22;GO;    21;    0
2020-03-23;GO;    23;    0
2020-03-24;GO;    29;    0
2020-03-25;GO;    35;    0
2020-03-26;GO;    38;    1
2020-03-27;GO;    49;    1
2020-03-28;GO;    56;    1
2020-03-29;GO;    56;    1
2020-03-30;GO;    60;    1
2020-03-31;GO;    65;    1
2020-04-01;GO;    73;    1
2020-04-02;GO;    73;    1
2020-04-03;GO;    88;    2
2020-04-04;GO;   103;    2
2020-04-05;GO;   115;    3
2020-04-06;GO;   119;    5
2020-04-07;GO;   133;    5
2020-04-08;GO;   159;    7
2020-04-09;GO;   179;    7
2020-04-10;GO;   191;    8
2020-04-11;GO;   209;   10
2020-04-12;GO;   229;   14
2020-04-13;GO;   233;   15
2020-04-14;GO;   284;   15
2020-04-15;GO;   304;   15
2020-04-16;GO;   318;   16
2020-04-17;GO;   335;   16
2020-04-18;GO;   378;   18
2020-04-19;GO;   393;   18
2020-04-20;GO;   403;   19
2020-04-21;GO;   421;   19
2020-04-22;GO;   438;   21
2020-04-23;GO;   453;   23
2020-04-24;GO;   486;   24
2020-04-25;GO;   506;   25
2020-04-26;GO;   573;   25
2020-04-27;GO;   616;   26
2020-04-28;GO;   661;   27
2020-04-29;GO;   705;   27
2020-04-30;GO;   781;   29
2020-05-01;GO;   808;   29
2020-05-02;GO;   825;   30
2020-05-03;GO;   850;   30
2020-05-04;GO;   861;   30
2020-05-05;GO;   922;   38
2020-05-06;GO;  1024;   45
2020-05-07;GO;  1027;   44
2020-05-08;GO;  1053;   49
2020-05-09;GO;  1069;   47
2020-05-10;GO;  1093;   47
2020-05-11;GO;  1100;   49
2020-05-12;GO;  1115;   52
2020-05-13;GO;  1225;   61
2020-05-14;GO;  1460;   67
2020-05-15;GO;  1605;   67
2020-05-16;GO;  1652;   69
2020-05-17;GO;  1692;   70
2020-05-18;GO;  1781;   73
2020-05-19;GO;  1880;   73
2020-05-20;GO;  2049;   78
2020-05-21;GO;  2155;   85
2020-05-22;GO;  2344;   95
2020-05-23;GO;  2435;   95
2020-05-24;GO;  2488;   95
2020-05-25;GO;  2515;   96
2020-05-26;GO;  2706;  104
2020-05-27;GO;  2906;  108
2020-05-28;GO;  3101;  115
2020-05-29;GO;  3521;  119
2020-05-30;GO;  3609;  124
2020-05-31;GO;  3726;  124
2020-06-01;GO;  4017;  127
2020-06-02;GO;  4486;  155
2020-06-03;GO;  4701;  159
2020-06-04;GO;  5102;  164
2020-06-05;GO;  5605;  167
2020-06-06;GO;  5770;  172
2020-06-07;GO;  5857;  173
2020-06-08;GO;  6302;  173
2020-06-09;GO;  6936;  184
2020-06-10;GO;  7380;  189
2020-06-11;GO;  7774;  194
2020-06-12;GO;  7926;  206
2020-06-13;GO;  7941;  211
2020-06-14;GO;  7960;  216
2020-06-15;GO; 10441;  238
2020-06-16;GO; 11836;  249
2020-06-17;GO; 12776;  255
2020-06-18;GO; 13665;  275
2020-06-19;GO; 14540;  289
2020-06-20;GO; 15450;  295
2020-06-21;GO; 15904;  306
2020-06-22;GO; 17085;  324
2020-06-23;GO; 18014;  355
2020-06-24;GO; 19280;  375
2020-06-25;GO; 20377;  384
2020-06-26;GO; 21441;  425
2020-06-27;GO; 21865;  434
2020-06-28;GO; 22165;  436
2020-06-29;GO; 23379;  467
2020-06-30;GO; 24910;  491
2020-07-01;GO; 26145;  521
2020-07-02;GO; 26318;  572
2020-07-03;GO; 27502;  602
2020-07-04;GO; 28526;  621
2020-07-05;GO; 28526;  621
2020-07-06;GO; 30187;  654
2020-07-07;GO; 32001;  726
2020-07-08;GO; 33367;  748
2020-07-09;GO; 34627;  795
2020-07-10;GO; 35706;  835
2020-07-11;GO; 36273;  847
2020-07-12;GO; 36556;  851
2020-07-13;GO; 37333;  880
2020-07-14;GO; 38299;  910
2020-07-15;GO; 39474;  959
2020-07-16;GO; 40544; 1018
2020-07-17;GO; 40718; 1051
2020-07-18;GO; 40768; 1086
2020-07-19;GO; 40782; 1106
2020-07-20;GO; 41433; 1145
2020-07-21;GO; 45254; 1178
2020-07-22;GO; 48682; 1237
2020-07-23;GO; 51423; 1295
2020-07-24;GO; 54154; 1353
2020-07-25;GO; 55567; 1380
2020-07-26;GO; 56250; 1395
2020-07-27;GO; 59043; 1457
2020-03-20;MA;     1;    0
2020-03-21;MA;     2;    0
2020-03-22;MA;     2;    0
2020-03-23;MA;     8;    0
2020-03-24;MA;     8;    0
2020-03-25;MA;     8;    0
2020-03-26;MA;    10;    0
2020-03-27;MA;    13;    0
2020-03-28;MA;    15;    0
2020-03-29;MA;    21;    1
2020-03-30;MA;    30;    1
2020-03-31;MA;    51;    1
2020-04-01;MA;    70;    1
2020-04-02;MA;    80;    1
2020-04-03;MA;    87;    1
2020-04-04;MA;    95;    2
2020-04-05;MA;   132;    2
2020-04-06;MA;   171;    4
2020-04-07;MA;   229;   11
2020-04-08;MA;   272;   12
2020-04-09;MA;   293;   16
2020-04-10;MA;   344;   21
2020-04-11;MA;   398;   24
2020-04-12;MA;   445;   27
2020-04-13;MA;   478;   32
2020-04-14;MA;   630;   34
2020-04-15;MA;   695;   37
2020-04-16;MA;   797;   40
2020-04-17;MA;  1040;   44
2020-04-18;MA;  1205;   48
2020-04-19;MA;  1320;   54
2020-04-20;MA;  1396;   60
2020-04-21;MA;  1604;   66
2020-04-22;MA;  1757;   76
2020-04-23;MA;  1951;   88
2020-04-24;MA;  2105;  100
2020-04-25;MA;  2223;  112
2020-04-26;MA;  2410;  125
2020-04-27;MA;  2528;  145
2020-04-28;MA;  2804;  166
2020-04-29;MA;  3190;  184
2020-04-30;MA;  3506;  204
2020-05-01;MA;  3805;  224
2020-05-02;MA;  4040;  237
2020-05-03;MA;  4227;  249
2020-05-04;MA;  4530;  271
2020-05-05;MA;  5028;  291
2020-05-06;MA;  5389;  305
2020-05-07;MA;  5909;  330
2020-05-08;MA;  6765;  355
2020-05-09;MA;  7599;  379
2020-05-10;MA;  8144;  399
2020-05-11;MA;  8526;  423
2020-05-12;MA;  9112;  444
2020-05-13;MA;  9801;  470
2020-05-14;MA; 10739;  496
2020-05-15;MA; 11592;  524
2020-05-16;MA; 12492;  549
2020-05-17;MA; 13238;  576
2020-05-18;MA; 14198;  604
2020-05-19;MA; 15114;  634
2020-05-20;MA; 16058;  663
2020-05-21;MA; 17212;  693
2020-05-22;MA; 18767;  722
2020-05-23;MA; 21191;  754
2020-05-24;MA; 22786;  784
2020-05-25;MA; 24278;  817
2020-05-26;MA; 26145;  853
2020-05-27;MA; 27979;  887
2020-05-28;MA; 30482;  911
2020-05-29;MA; 32620;  932
2020-05-30;MA; 34639;  955
2020-05-31;MA; 35297;  976
2020-06-01;MA; 36625;  997
2020-06-02;MA; 38174; 1028
2020-06-03;MA; 40629; 1062
2020-06-04;MA; 43313; 1095
2020-06-05;MA; 45470; 1132
2020-06-06;MA; 47593; 1170
2020-06-07;MA; 48537; 1208
2020-06-08;MA; 49371; 1247
2020-06-09;MA; 52069; 1285
2020-06-10;MA; 53508; 1322
2020-06-11;MA; 55680; 1360
2020-06-12;MA; 57605; 1399
2020-06-13;MA; 58859; 1436
2020-06-14;MA; 59850; 1467
2020-06-15;MA; 60592; 1499
2020-06-16;MA; 62711; 1537
2020-06-17;MA; 64735; 1570
2020-06-18;MA; 66091; 1607
2020-06-19;MA; 68500; 1645
2020-06-20;MA; 69673; 1684
2020-06-21;MA; 70059; 1721
2020-06-22;MA; 70689; 1760
2020-06-23;MA; 72021; 1797
2020-06-24;MA; 73314; 1836
2020-06-25;MA; 74925; 1871
2020-06-26;MA; 76698; 1906
2020-06-27;MA; 78115; 1943
2020-06-28;MA; 78512; 1982
2020-06-29;MA; 78969; 2012
2020-06-30;MA; 80451; 2048
2020-07-01;MA; 83256; 2081
2020-07-02;MA; 86025; 2119
2020-07-03;MA; 88214; 2153
2020-07-04;MA; 89057; 2185
2020-07-05;MA; 89714; 2219
2020-07-06;MA; 90251; 2250
2020-07-07;MA; 92088; 2286
2020-07-08;MA; 92939; 2324
2020-07-09;MA; 95323; 2357
2020-07-10;MA; 96718; 2392
2020-07-11;MA; 98398; 2426
2020-07-12;MA; 98952; 2463
2020-07-13;MA; 99830; 2501
2020-07-14;MA;101467; 2536
2020-07-15;MA;102469; 2572
2020-07-16;MA;104126; 2608
2020-07-17;MA;105183; 2640
2020-07-18;MA;106092; 2676
2020-07-19;MA;106325; 2708
2020-07-20;MA;106906; 2740
2020-07-21;MA;108154; 2778
2020-07-22;MA;109731; 2810
2020-07-23;MA;111488; 2840
2020-07-24;MA;112683; 2871
2020-07-25;MA;113563; 2898
2020-07-26;MA;113891; 2923
2020-07-27;MA;114585; 2943
2020-03-08;MG;     1;    0
2020-03-09;MG;     1;    0
2020-03-10;MG;     1;    0
2020-03-11;MG;     1;    0
2020-03-12;MG;     2;    0
2020-03-13;MG;     2;    0
2020-03-14;MG;     4;    0
2020-03-16;MG;     6;    0
2020-03-17;MG;    14;    0
2020-03-18;MG;    19;    0
2020-03-19;MG;    29;    0
2020-03-20;MG;    38;    0
2020-03-21;MG;    55;    0
2020-03-22;MG;    83;    0
2020-03-23;MG;   128;    0
2020-03-24;MG;   130;    0
2020-03-25;MG;   133;    0
2020-03-26;MG;   153;    0
2020-03-27;MG;   189;    0
2020-03-28;MG;   205;    0
2020-03-29;MG;   231;    0
2020-03-30;MG;   261;    1
2020-03-31;MG;   275;    2
2020-04-01;MG;   314;    3
2020-04-02;MG;   370;    4
2020-04-03;MG;   397;    6
2020-04-04;MG;   430;    6
2020-04-05;MG;   498;    6
2020-04-06;MG;   525;    9
2020-04-07;MG;   559;   11
2020-04-08;MG;   614;   14
2020-04-09;MG;   655;   15
2020-04-10;MG;   698;   17
2020-04-11;MG;   750;   17
2020-04-12;MG;   806;   20
2020-04-13;MG;   815;   23
2020-04-14;MG;   884;   27
2020-04-15;MG;   903;   30
2020-04-16;MG;   958;   33
2020-04-17;MG;  1021;   35
2020-04-18;MG;  1077;   39
2020-04-19;MG;  1154;   39
2020-04-20;MG;  1189;   41
2020-04-21;MG;  1230;   44
2020-04-22;MG;  1283;   47
2020-04-23;MG;  1308;   51
2020-04-24;MG;  1419;   54
2020-04-25;MG;  1481;   58
2020-04-26;MG;  1548;   61
2020-04-27;MG;  1586;   62
2020-04-28;MG;  1649;   71
2020-04-29;MG;  1758;   80
2020-04-30;MG;  1827;   82
2020-05-01;MG;  1935;   88
2020-05-02;MG;  2023;   88
2020-05-03;MG;  2118;   89
2020-05-04;MG;  2347;   90
2020-05-05;MG;  2452;   94
2020-05-06;MG;  2605;   97
2020-05-07;MG;  2770;  106
2020-05-08;MG;  2943;  111
2020-05-09;MG;  3123;  118
2020-05-10;MG;  3237;  119
2020-05-11;MG;  3320;  121
2020-05-12;MG;  3435;  127
2020-05-13;MG;  3733;  135
2020-05-14;MG;  3950;  139
2020-05-15;MG;  4196;  146
2020-05-16;MG;  4474;  150
2020-05-17;MG;  4611;  156
2020-05-18;MG;  4695;  161
2020-05-19;MG;  4977;  167
2020-05-20;MG;  5286;  177
2020-05-21;MG;  5596;  191
2020-05-22;MG;  5995;  201
2020-05-23;MG;  6338;  217
2020-05-24;MG;  6668;  226
2020-05-25;MG;  6962;  230
2020-05-26;MG;  7516;  234
2020-05-27;MG;  8011;  240
2020-05-28;MG;  8686;  255
2020-05-29;MG;  9232;  257
2020-05-30;MG;  9630;  263
2020-05-31;MG; 10464;  271
2020-06-01;MG; 10670;  278
2020-06-02;MG; 10939;  289
2020-06-03;MG; 12010;  306
2020-06-04;MG; 13034;  323
2020-06-05;MG; 13995;  344
2020-06-06;MG; 14939;  368
2020-06-07;MG; 15703;  376
2020-06-08;MG; 15883;  380
2020-06-09;MG; 16102;  399
2020-06-10;MG; 17501;  409
2020-06-11;MG; 18448;  431
2020-06-12;MG; 20106;  446
2020-06-13;MG; 20614;  454
2020-06-14;MG; 21381;  475
2020-06-15;MG; 21728;  481
2020-06-16;MG; 22024;  502
2020-06-17;MG; 23347;  537
2020-06-18;MG; 24906;  570
2020-06-19;MG; 26052;  600
2020-06-20;MG; 27305;  636
2020-06-21;MG; 27641;  661
2020-06-22;MG; 28918;  688
2020-06-23;MG; 29897;  720
2020-06-24;MG; 31343;  771
2020-06-25;MG; 32769;  806
2020-06-26;MG; 38891;  833
2020-06-27;MG; 40966;  882
2020-06-28;MG; 42741;  899
2020-06-29;MG; 43864;  940
2020-06-30;MG; 45001;  965
2020-07-01;MG; 47584; 1007
2020-07-02;MG; 50707; 1059
2020-07-03;MG; 53351; 1110
2020-07-04;MG; 55958; 1183
2020-07-05;MG; 58283; 1201
2020-07-06;MG; 59626; 1230
2020-07-07;MG; 60897; 1282
2020-07-08;MG; 64035; 1355
2020-07-09;MG; 66864; 1445
2020-07-10;MG; 70086; 1504
2020-07-11;MG; 73813; 1550
2020-07-12;MG; 75851; 1576
2020-07-13;MG; 76822; 1615
2020-07-14;MG; 78643; 1688
2020-07-15;MG; 82010; 1752
2020-07-16;MG; 84470; 1834
2020-07-17;MG; 87271; 1904
2020-07-18;MG; 90875; 1964
2020-07-19;MG; 92972; 1982
2020-07-20;MG; 94132; 2004
2020-07-21;MG; 95566; 2071
2020-07-22;MG; 98741; 2166
2020-07-23;MG;102568; 2238
2020-07-24;MG;106812; 2315
2020-07-25;MG;110093; 2404
2020-07-26;MG;112571; 2429
2020-07-27;MG;113718; 2461
2020-03-14;MS;     2;    0
2020-03-15;MS;     2;    0
2020-03-16;MS;     4;    0
2020-03-17;MS;     6;    0
2020-03-18;MS;     7;    0
2020-03-19;MS;     9;    0
2020-03-20;MS;    12;    0
2020-03-21;MS;    16;    0
2020-03-22;MS;    21;    0
2020-03-23;MS;    21;    0
2020-03-24;MS;    24;    0
2020-03-25;MS;    24;    0
2020-03-26;MS;    25;    0
2020-03-27;MS;    28;    0
2020-03-28;MS;    31;    0
2020-03-29;MS;    36;    0
2020-03-30;MS;    44;    0
2020-03-31;MS;    48;    1
2020-04-01;MS;    51;    1
2020-04-02;MS;    53;    1
2020-04-03;MS;    60;    1
2020-04-04;MS;    62;    1
2020-04-05;MS;    65;    1
2020-04-06;MS;    66;    1
2020-04-07;MS;    80;    2
2020-04-08;MS;    85;    2
2020-04-09;MS;    89;    2
2020-04-10;MS;    97;    2
2020-04-11;MS;   100;    2
2020-04-12;MS;   101;    2
2020-04-13;MS;   113;    4
2020-04-14;MS;   115;    4
2020-04-15;MS;   121;    4
2020-04-16;MS;   131;    5
2020-04-17;MS;   143;    5
2020-04-18;MS;   161;    5
2020-04-19;MS;   168;    5
2020-04-20;MS;   171;    5
2020-04-21;MS;   173;    6
2020-04-22;MS;   175;    6
2020-04-23;MS;   186;    7
2020-04-24;MS;   213;    7
2020-04-25;MS;   217;    7
2020-04-26;MS;   234;    7
2020-04-27;MS;   238;    9
2020-04-28;MS;   240;    9
2020-04-29;MS;   249;    9
2020-04-30;MS;   255;    9
2020-05-01;MS;   261;    9
2020-05-02;MS;   266;    9
2020-05-03;MS;   272;   10
2020-05-04;MS;   274;   10
2020-05-05;MS;   283;   10
2020-05-06;MS;   288;   10
2020-05-07;MS;   311;   10
2020-05-08;MS;   326;   11
2020-05-09;MS;   346;   11
2020-05-10;MS;   362;   11
2020-05-11;MS;   385;   11
2020-05-12;MS;   405;   12
2020-05-13;MS;   430;   13
2020-05-14;MS;   452;   14
2020-05-15;MS;   479;   14
2020-05-16;MS;   508;   15
2020-05-17;MS;   570;   15
2020-05-18;MS;   613;   16
2020-05-19;MS;   642;   16
2020-05-20;MS;   693;   17
2020-05-21;MS;   746;   17
2020-05-22;MS;   805;   17
2020-05-23;MS;   858;   17
2020-05-24;MS;  1023;   17
2020-05-25;MS;  1100;   17
2020-05-26;MS;  1186;   18
2020-05-27;MS;  1262;   18
2020-05-28;MS;  1356;   18
2020-05-29;MS;  1418;   19
2020-05-30;MS;  1489;   20
2020-05-31;MS;  1568;   20
2020-06-01;MS;  1646;   20
2020-06-02;MS;  1802;   20
2020-06-03;MS;  1925;   20
2020-06-04;MS;  1997;   21
2020-06-05;MS;  2132;   21
2020-06-06;MS;  2253;   21
2020-06-07;MS;  2324;   22
2020-06-08;MS;  2455;   22
2020-06-09;MS;  2597;   24
2020-06-10;MS;  2853;   25
2020-06-11;MS;  3001;   28
2020-06-12;MS;  3235;   28
2020-06-13;MS;  3433;   31
2020-06-14;MS;  3551;   33
2020-06-15;MS;  3785;   36
2020-06-16;MS;  4164;   36
2020-06-17;MS;  4274;   39
2020-06-18;MS;  4666;   40
2020-06-19;MS;  4990;   43
2020-06-20;MS;  5237;   45
2020-06-21;MS;  5391;   47
2020-06-22;MS;  5784;   55
2020-06-23;MS;  6201;   56
2020-06-24;MS;  6523;   61
2020-06-25;MS;  6913;   65
2020-06-26;MS;  7307;   68
2020-06-27;MS;  7527;   72
2020-06-28;MS;  7676;   75
2020-06-29;MS;  7965;   76
2020-06-30;MS;  8676;   85
2020-07-01;MS;  9062;   91
2020-07-02;MS;  9388;  107
2020-07-03;MS;  9910;  114
2020-07-04;MS; 10089;  117
2020-07-05;MS; 10253;  122
2020-07-06;MS; 10687;  128
2020-07-07;MS; 11063;  134
2020-07-08;MS; 11671;  136
2020-07-09;MS; 12261;  146
2020-07-10;MS; 12969;  153
2020-07-11;MS; 13197;  161
2020-07-12;MS; 13461;  167
2020-07-13;MS; 13934;  177
2020-07-14;MS; 14631;  183
2020-07-15;MS; 15330;  191
2020-07-16;MS; 15805;  203
2020-07-17;MS; 16006;  216
2020-07-18;MS; 16403;  222
2020-07-19;MS; 16637;  228
2020-07-20;MS; 17386;  248
2020-07-21;MS; 18889;  257
2020-07-22;MS; 19671;  266
2020-07-23;MS; 20303;  281
2020-07-24;MS; 21015;  292
2020-07-25;MS; 21514;  305
2020-07-26;MS; 21802;  319
2020-03-20;MT;     1;    0
2020-03-22;MT;     2;    0
2020-03-23;MT;     6;    0
2020-03-24;MT;     7;    0
2020-03-25;MT;     9;    0
2020-03-26;MT;    11;    0
2020-03-27;MT;    11;    0
2020-03-30;MT;    18;    0
2020-03-31;MT;    25;    0
2020-04-01;MT;    28;    0
2020-04-02;MT;    41;    0
2020-04-03;MT;    44;    1
2020-04-04;MT;    60;    1
2020-04-05;MT;    60;    1
2020-04-06;MT;    76;    1
2020-04-07;MT;    78;    1
2020-04-08;MT;    90;    1
2020-04-09;MT;   108;    2
2020-04-10;MT;   112;    2
2020-04-11;MT;   121;    3
2020-04-12;MT;   123;    3
2020-04-13;MT;   134;    4
2020-04-14;MT;   138;    4
2020-04-15;MT;   151;    4
2020-04-16;MT;   156;    5
2020-04-17;MT;   162;    5
2020-04-18;MT;   171;    5
2020-04-19;MT;   174;    5
2020-04-20;MT;   181;    6
2020-04-21;MT;   181;    6
2020-04-22;MT;   205;    6
2020-04-23;MT;   220;    7
2020-04-24;MT;   241;    8
2020-04-25;MT;   246;    9
2020-04-26;MT;   249;    9
2020-04-27;MT;   256;   10
2020-04-28;MT;   263;   11
2020-04-29;MT;   292;   11
2020-04-30;MT;   302;   11
2020-05-01;MT;   320;   11
2020-05-02;MT;   333;   12
2020-05-03;MT;   337;   12
2020-05-04;MT;   344;   13
2020-05-05;MT;   366;   13
2020-05-06;MT;   385;   13
2020-05-07;MT;   419;   14
2020-05-08;MT;   464;   15
2020-05-09;MT;   502;   16
2020-05-10;MT;   519;   18
2020-05-11;MT;   545;   19
2020-05-12;MT;   604;   20
2020-05-13;MT;   673;   21
2020-05-14;MT;   734;   24
2020-05-15;MT;   792;   26
2020-05-16;MT;   857;   27
2020-05-17;MT;   901;   27
2020-05-18;MT;   941;   30
2020-05-19;MT;  1005;   32
2020-05-20;MT;  1090;   32
2020-05-21;MT;  1187;   34
2020-05-22;MT;  1271;   37
2020-05-23;MT;  1363;   37
2020-05-24;MT;  1464;   40
2020-05-25;MT;  1594;   42
2020-05-26;MT;  1744;   43
2020-05-27;MT;  1909;   47
2020-05-28;MT;  2085;   54
2020-05-29;MT;  2262;   57
2020-05-30;MT;  2413;   58
2020-05-31;MT;  2485;   63
2020-06-01;MT;  2636;   67
2020-06-02;MT;  2817;   75
2020-06-03;MT;  3029;   79
2020-06-04;MT;  3388;   84
2020-06-05;MT;  3593;   91
2020-06-06;MT;  3788;  101
2020-06-07;MT;  4033;  113
2020-06-08;MT;  4243;  126
2020-06-09;MT;  4504;  140
2020-06-10;MT;  4762;  153
2020-06-11;MT;  5086;  163
2020-06-12;MT;  5390;  181
2020-06-13;MT;  5739;  199
2020-06-14;MT;  6108;  213
2020-06-15;MT;  6390;  223
2020-06-16;MT;  6877;  250
2020-06-17;MT;  7361;  272
2020-06-18;MT;  8166;  295
2020-06-19;MT;  8725;  322
2020-06-20;MT;  9262;  341
2020-06-21;MT;  9776;  370
2020-06-22;MT; 10270;  394
2020-06-23;MT; 11017;  423
2020-06-24;MT; 11571;  445
2020-06-25;MT; 12601;  476
2020-06-26;MT; 13406;  504
2020-06-27;MT; 14128;  533
2020-06-28;MT; 14654;  556
2020-06-29;MT; 15328;  590
2020-06-30;MT; 16304;  629
2020-07-01;MT; 17401;  665
2020-07-02;MT; 18356;  706
2020-07-03;MT; 19540;  741
2020-07-04;MT; 20333;  786
2020-07-05;MT; 21081;  821
2020-07-06;MT; 22078;  857
2020-07-07;MT; 23506;  896
2020-07-08;MT; 24804;  921
2020-07-09;MT; 26396;  961
2020-07-10;MT; 27636; 1026
2020-07-11;MT; 27636; 1029
2020-07-12;MT; 28791; 1077
2020-07-13;MT; 29279; 1105
2020-07-15;MT; 30536; 1197
2020-07-16;MT; 31717; 1235
2020-07-17;MT; 32971; 1268
2020-07-18;MT; 32766; 1312
2020-07-19;MT; 34604; 1348
2020-07-20;MT; 35673; 1386
2020-07-21;MT; 37429; 1432
2020-07-22;MT; 38931; 1474
2020-07-23;MT; 41016; 1498
2020-07-24;MT; 42586; 1556
2020-07-25;MT; 43253; 1580
2020-07-26;MT; 43637; 1616
2020-07-27;MT; 45155; 1664
2020-03-18;PA;     1;    0
2020-03-19;PA;     1;    0
2020-03-20;PA;     2;    0
2020-03-21;PA;     2;    0
2020-03-22;PA;     4;    0
2020-03-23;PA;     5;    0
2020-03-24;PA;     5;    0
2020-03-25;PA;     7;    0
2020-03-26;PA;    13;    0
2020-03-27;PA;    16;    0
2020-03-28;PA;    18;    0
2020-03-29;PA;    20;    0
2020-03-30;PA;    26;    0
2020-03-31;PA;    34;    0
2020-04-01;PA;    41;    1
2020-04-02;PA;    49;    1
2020-04-03;PA;    75;    1
2020-04-04;PA;    82;    1
2020-04-05;PA;    86;    1
2020-04-06;PA;   123;    5
2020-04-07;PA;   154;    5
2020-04-08;PA;   165;    6
2020-04-09;PA;   169;    7
2020-04-10;PA;   217;    9
2020-04-11;PA;   237;   11
2020-04-12;PA;   259;   14
2020-04-13;PA;   310;   14
2020-04-14;PA;   384;   21
2020-04-15;PA;   487;   21
2020-04-16;PA;   557;   26
2020-04-17;PA;   627;   32
2020-04-18;PA;   641;   33
2020-04-19;PA;   685;   34
2020-04-20;PA;   902;   35
2020-04-21;PA;  1026;   38
2020-04-22;PA;  1195;   43
2020-04-23;PA;  1267;   53
2020-04-24;PA;  1579;   86
2020-04-25;PA;  1745;   95
2020-04-26;PA;  2070;  114
2020-04-27;PA;  2219;  122
2020-04-28;PA;  2319;  132
2020-04-29;PA;  2586;  156
2020-04-30;PA;  2999;  224
2020-05-01;PA;  3359;  263
2020-05-02;PA;  3727;  306
2020-05-03;PA;  3920;  317
2020-05-04;PA;  4262;  344
2020-05-05;PA;  4756;  375
2020-05-06;PA;  5524;  410
2020-05-07;PA;  5935;  488
2020-05-08;PA;  6519;  574
2020-05-09;PA;  7018;  610
2020-05-10;PA;  7348;  672
2020-05-11;PA;  8069;  812
2020-05-12;PA;  9059;  914
2020-05-13;PA; 10344; 1022
2020-05-14;PA; 11479; 1095
2020-05-15;PA; 12626; 1175
2020-05-16;PA; 13464; 1223
2020-05-17;PA; 14201; 1280
2020-05-18;PA; 15467; 1392
2020-05-19;PA; 17177; 1554
2020-05-20;PA; 18929; 1778
2020-05-21;PA; 20532; 1893
2020-05-22;PA; 22697; 2003
2020-05-23;PA; 24125; 2150
2020-05-24;PA; 24815; 2290
2020-05-25;PA; 27366; 2431
2020-05-26;PA; 29882; 2522
2020-05-27;PA; 31671; 2605
2020-05-28;PA; 35132; 2785
2020-05-29;PA; 37296; 2900
2020-05-30;PA; 37859; 2920
2020-05-31;PA; 37961; 2923
2020-06-01;PA; 40014; 3019
2020-06-02;PA; 43652; 3144
2020-06-03;PA; 46473; 3245
2020-06-04;PA; 49473; 3492
2020-06-05;PA; 53860; 3665
2020-06-06;PA; 53860; 3665
2020-06-07;PA; 54271; 3678
2020-06-08;PA; 57570; 3835
2020-06-09;PA; 60636; 3898
2020-06-10;PA; 63405; 3980
2020-06-11;PA; 65151; 4090
2020-06-12;PA; 66328; 4132
2020-06-13;PA; 68456; 4191
2020-06-14;PA; 69224; 4201
2020-06-15;PA; 71243; 4291
2020-06-16;PA; 74192; 4350
2020-06-17;PA; 76623; 4395
2020-06-18;PA; 80072; 4469
2020-06-19;PA; 82881; 4519
2020-06-20;PA; 84654; 4583
2020-06-21;PA; 86020; 4605
2020-06-22;PA; 88636; 4672
2020-06-23;PA; 91708; 4726
2020-06-24;PA; 94036; 4748
2020-06-25;PA; 96472; 4803
2020-06-26;PA; 99313; 4834
2020-06-27;PA;100443; 4845
2020-06-28;PA;101207; 4870
2020-06-29;PA;103206; 4920
2020-06-30;PA;105853; 4960
2020-07-01;PA;108067; 5004
2020-07-02;PA;110411; 5050
2020-07-03;PA;112531; 5069
2020-07-04;PA;113811; 5096
2020-07-05;PA;114535; 5105
2020-07-06;PA;116152; 5128
2020-07-07;PA;118744; 5169
2020-07-08;PA;120731; 5196
2020-07-09;PA;122674; 5224
2020-07-10;PA;124934; 5274
2020-07-11;PA;125714; 5289
2020-07-12;PA;126509; 5293
2020-07-13;PA;128570; 5318
2020-07-14;PA;130834; 5337
2020-07-15;PA;133039; 5385
2020-07-16;PA;135164; 5448
2020-07-17;PA;136947; 5478
2020-07-18;PA;137484; 5523
2020-07-19;PA;138396; 5538
2020-07-20;PA;140393; 5554
2020-07-21;PA;142358; 5581
2020-07-22;PA;144467; 5616
2020-07-23;PA;146252; 5646
2020-07-24;PA;147923; 5689
2020-07-25;PA;148463; 5716
2020-07-26;PA;148823; 5729
2020-07-27;PA;150616; 5753
2020-03-12;PB;     0;    0
2020-03-13;PB;     0;    0
2020-03-14;PB;     0;    0
2020-03-15;PB;     0;    0
2020-03-16;PB;     0;    0
2020-03-17;PB;     0;    0
2020-03-18;PB;     1;    0
2020-03-19;PB;     1;    0
2020-03-20;PB;     1;    0
2020-03-21;PB;     1;    0
2020-03-22;PB;     1;    0
2020-03-23;PB;     2;    0
2020-03-24;PB;     3;    0
2020-03-25;PB;     5;    0
2020-03-26;PB;     6;    0
2020-03-27;PB;    10;    0
2020-03-28;PB;    14;    0
2020-03-29;PB;    14;    0
2020-03-30;PB;    17;    0
2020-03-31;PB;    18;    1
2020-04-01;PB;    21;    1
2020-04-02;PB;    29;    1
2020-04-03;PB;    32;    1
2020-04-04;PB;    34;    3
2020-04-05;PB;    35;    4
2020-04-06;PB;    36;    4
2020-04-07;PB;    41;    4
2020-04-08;PB;    55;    7
2020-04-09;PB;    79;   11
2020-04-10;PB;    85;   11
2020-04-11;PB;   101;   13
2020-04-12;PB;   111;   13
2020-04-13;PB;   136;   16
2020-04-14;PB;   152;   21
2020-04-15;PB;   165;   24
2020-04-16;PB;   195;   26
2020-04-17;PB;   205;   28
2020-04-18;PB;   236;   29
2020-04-19;PB;   245;   32
2020-04-20;PB;   263;   33
2020-04-21;PB;   301;   39
2020-04-22;PB;   345;   40
2020-04-23;PB;   386;   44
2020-04-24;PB;   447;   46
2020-04-25;PB;   499;   49
2020-04-26;PB;   543;   50
2020-04-27;PB;   633;   53
2020-04-28;PB;   698;   57
2020-04-29;PB;   814;   62
2020-04-30;PB;   926;   67
2020-05-01;PB;  1034;   74
2020-05-02;PB;  1169;   76
2020-05-03;PB;  1219;   79
2020-05-04;PB;  1361;   85
2020-05-05;PB;  1493;   92
2020-05-06;PB;  1657;  101
2020-05-07;PB;  1849;  111
2020-05-08;PB;  2030;  114
2020-05-09;PB;  2156;  124
2020-05-10;PB;  2341;  135
2020-05-11;PB;  2525;  139
2020-05-12;PB;  2777;  154
2020-05-13;PB;  3045;  157
2020-05-14;PB;  3361;  160
2020-05-15;PB;  3739;  170
2020-05-16;PB;  4063;  183
2020-05-17;PB;  4347;  194
2020-05-18;PB;  4786;  207
2020-05-19;PB;  5300;  219
2020-05-20;PB;  5838;  230
2020-05-21;PB;  6238;  245
2020-05-22;PB;  6882;  248
2020-05-23;PB;  7508;  258
2020-05-24;PB;  7823;  272
2020-05-25;PB;  8016;  279
2020-05-26;PB;  8919;  286
2020-05-27;PB; 10209;  298
2020-05-28;PB; 11132;  318
2020-05-29;PB; 12011;  327
2020-05-30;PB; 12862;  346
2020-05-31;PB; 13162;  360
2020-06-01;PB; 13695;  370
2020-06-02;PB; 14859;  379
2020-06-03;PB; 16018;  414
2020-06-04;PB; 17579;  438
2020-06-05;PB; 18579;  451
2020-06-06;PB; 19787;  467
2020-06-07;PB; 20310;  484
2020-06-08;PB; 20951;  507
2020-06-09;PB; 22452;  534
2020-06-10;PB; 24032;  559
2020-06-11;PB; 25370;  570
2020-06-12;PB; 26556;  610
2020-06-13;PB; 27454;  623
2020-06-14;PB; 28013;  633
2020-06-15;PB; 28668;  656
2020-06-16;PB; 30128;  671
2020-06-17;PB; 31712;  696
2020-06-18;PB; 33382;  709
2020-06-19;PB; 35093;  724
2020-06-20;PB; 36521;  743
2020-06-21;PB; 36784;  766
2020-06-22;PB; 37253;  784
2020-06-23;PB; 38999;  807
2020-06-24;PB; 39912;  828
2020-06-25;PB; 40824;  842
2020-06-26;PB; 42832;  864
2020-06-27;PB; 44242;  896
2020-06-28;PB; 44679;  911
2020-06-29;PB; 45057;  931
2020-06-30;PB; 46957;  977
2020-07-01;PB; 48175; 1002
2020-07-02;PB; 49536; 1044
2020-07-03;PB; 50765; 1062
2020-07-04;PB; 52306; 1082
2020-07-05;PB; 52728; 1099
2020-07-06;PB; 53151; 1118
2020-07-07;PB; 54802; 1145
2020-07-08;PB; 56344; 1171
2020-07-09;PB; 57614; 1196
2020-07-10;PB; 59118; 1229
2020-07-11;PB; 60421; 1250
2020-07-12;PB; 60784; 1284
2020-07-13;PB; 61108; 1302
2020-07-14;PB; 62462; 1342
2020-07-15;PB; 63939; 1383
2020-07-16;PB; 65423; 1418
2020-07-17;PB; 66347; 1446
2020-07-18;PB; 66971; 1477
2020-07-19;PB; 67382; 1486
2020-07-20;PB; 67680; 1517
2020-07-21;PB; 68844; 1558
2020-07-22;PB; 70972; 1581
2020-07-23;PB; 73104; 1618
2020-07-24;PB; 74550; 1653
2020-07-25;PB; 75723; 1675
2020-07-26;PB; 76153; 1698
2020-07-27;PB; 76693; 1727
2020-03-12;PE;     2;    0
2020-03-13;PE;     2;    0
2020-03-14;PE;     7;    0
2020-03-15;PE;     8;    0
2020-03-16;PE;     8;    0
2020-03-17;PE;    18;    0
2020-03-18;PE;    19;    0
2020-03-19;PE;    28;    0
2020-03-20;PE;    31;    0
2020-03-21;PE;    33;    0
2020-03-22;PE;    37;    0
2020-03-23;PE;    42;    0
2020-03-24;PE;    42;    0
2020-03-25;PE;    46;    1
2020-03-26;PE;    48;    3
2020-03-27;PE;    57;    4
2020-03-28;PE;    68;    5
2020-03-29;PE;    73;    5
2020-03-30;PE;    77;    6
2020-03-31;PE;    87;    6
2020-04-01;PE;    95;    8
2020-04-02;PE;   106;    9
2020-04-03;PE;   136;   10
2020-04-04;PE;   176;   14
2020-04-05;PE;   201;   21
2020-04-06;PE;   223;   30
2020-04-07;PE;   352;   34
2020-04-08;PE;   401;   46
2020-04-09;PE;   555;   56
2020-04-10;PE;   684;   65
2020-04-11;PE;   816;   72
2020-04-12;PE;   960;   85
2020-04-13;PE;  1154;  102
2020-04-14;PE;  1284;  115
2020-04-15;PE;  1484;  143
2020-04-16;PE;  1683;  160
2020-04-17;PE;  2006;  186
2020-04-18;PE;  2193;  205
2020-04-19;PE;  2459;  216
2020-04-20;PE;  2690;  234
2020-04-21;PE;  2908;  260
2020-04-22;PE;  3298;  282
2020-04-23;PE;  3604;  312
2020-04-24;PE;  3999;  352
2020-04-25;PE;  4507;  381
2020-04-26;PE;  4898;  415
2020-04-27;PE;  5358;  450
2020-04-28;PE;  5724;  508
2020-04-29;PE;  6194;  538
2020-04-30;PE;  6876;  565
2020-05-01;PE;  7334;  603
2020-05-02;PE;  8145;  628
2020-05-03;PE;  8643;  652
2020-05-04;PE;  8863;  691
2020-05-05;PE;  9325;  749
2020-05-06;PE;  9881;  803
2020-05-07;PE; 10824;  845
2020-05-08;PE; 11587;  927
2020-05-09;PE; 12470;  972
2020-05-10;PE; 13275; 1047
2020-05-11;PE; 13768; 1087
2020-05-12;PE; 14309; 1157
2020-05-13;PE; 14901; 1224
2020-05-14;PE; 15588; 1298
2020-05-15;PE; 16209; 1381
2020-05-16;PE; 18488; 1461
2020-05-17;PE; 19452; 1516
2020-05-18;PE; 20094; 1640
2020-05-19;PE; 21242; 1741
2020-05-20;PE; 22560; 1834
2020-05-21;PE; 23911; 1925
2020-05-22;PE; 25760; 2057
2020-05-23;PE; 26786; 2144
2020-05-24;PE; 27759; 2200
2020-05-25;PE; 28366; 2248
2020-05-26;PE; 28854; 2328
2020-05-27;PE; 29919; 2468
2020-05-28;PE; 30713; 2566
2020-05-29;PE; 32255; 2669
2020-05-30;PE; 33427; 2740
2020-05-31;PE; 34450; 2807
2020-06-01;PE; 34900; 2875
2020-06-02;PE; 35508; 2933
2020-06-03;PE; 36463; 3012
2020-06-04;PE; 37507; 3134
2020-06-05;PE; 38511; 3205
2020-06-06;PE; 39361; 3270
2020-06-07;PE; 40242; 3305
2020-06-08;PE; 40705; 3350
2020-06-09;PE; 41010; 3453
2020-06-10;PE; 41935; 3531
2020-06-11;PE; 42994; 3633
2020-06-12;PE; 43872; 3694
2020-06-13;PE; 44671; 3784
2020-06-14;PE; 45261; 3855
2020-06-15;PE; 45507; 3886
2020-06-16;PE; 46427; 3959
2020-06-17;PE; 47446; 4009
2020-06-18;PE; 48626; 4057
2020-06-19;PE; 49720; 4102
2020-06-20;PE; 51118; 4148
2020-06-21;PE; 52113; 4234
2020-06-22;PE; 52494; 4252
2020-06-23;PE; 52831; 4339
2020-06-24;PE; 54022; 4425
2020-06-25;PE; 55136; 4488
2020-06-26;PE; 55804; 4610
2020-06-27;PE; 57089; 4708
2020-06-28;PE; 58107; 4751
2020-06-29;PE; 58476; 4782
2020-06-30;PE; 58858; 4829
2020-07-01;PE; 59705; 4894
2020-07-02;PE; 61119; 4968
2020-07-03;PE; 62362; 5068
2020-07-04;PE; 63457; 5116
2020-07-05;PE; 65129; 5143
2020-07-06;PE; 65642; 5163
2020-07-07;PE; 66151; 5234
2020-07-08;PE; 67604; 5323
2020-07-09;PE; 68767; 5409
2020-07-10;PE; 70100; 5482
2020-07-11;PE; 71370; 5556
2020-07-12;PE; 72470; 5595
2020-07-13;PE; 72901; 5652
2020-07-14;PE; 73576; 5715
2020-07-15;PE; 74960; 5772
2020-07-16;PE; 76091; 5836
2020-07-17;PE; 77423; 5869
2020-07-18;PE; 78509; 5928
2020-07-19;PE; 79452; 5984
2020-07-20;PE; 80115; 6036
2020-07-21;PE; 80441; 6089
2020-07-22;PE; 81382; 6152
2020-07-23;PE; 83240; 6211
2020-07-24;PE; 85042; 6237
2020-07-25;PE; 86752; 6299
2020-07-26;PE; 88466; 6352
2020-07-27;PE; 89132; 6376
2020-03-19;PI;     3;    0
2020-03-20;PI;     4;    0
2020-03-21;PI;     4;    0
2020-03-22;PI;     6;    0
2020-03-23;PI;     6;    0
2020-03-24;PI;     8;    0
2020-03-25;PI;     8;    0
2020-03-26;PI;     9;    0
2020-03-27;PI;    10;    1
2020-03-28;PI;    11;    1
2020-03-30;PI;    18;    4
2020-03-31;PI;    18;    4
2020-04-01;PI;    19;    4
2020-04-02;PI;    19;    4
2020-04-03;PI;    22;    4
2020-04-04;PI;    24;    4
2020-04-05;PI;    24;    4
2020-04-06;PI;    26;    4
2020-04-07;PI;    31;    5
2020-04-08;PI;    38;    6
2020-04-09;PI;    40;    7
2020-04-10;PI;    41;    7
2020-04-11;PI;    44;    7
2020-04-12;PI;    51;    7
2020-04-13;PI;    58;    8
2020-04-14;PI;    75;    8
2020-04-15;PI;    91;    8
2020-04-16;PI;   102;    8
2020-04-17;PI;   123;    9
2020-04-18;PI;   144;   10
2020-04-19;PI;   158;   12
2020-04-20;PI;   186;   14
2020-04-21;PI;   206;   15
2020-04-22;PI;   217;   15
2020-04-23;PI;   256;   16
2020-04-24;PI;   297;   17
2020-04-25;PI;   331;   18
2020-04-26;PI;   364;   20
2020-04-27;PI;   408;   21
2020-04-28;PI;   454;   24
2020-04-29;PI;   513;   24
2020-04-30;PI;   600;   24
2020-05-01;PI;   665;   26
2020-05-02;PI;   742;   28
2020-05-03;PI;   784;   28
2020-05-04;PI;   875;   29
2020-05-05;PI;   949;   30
2020-05-06;PI;  1051;   35
2020-05-07;PI;  1131;   37
2020-05-08;PI;  1233;   38
2020-05-09;PI;  1278;   42
2020-05-10;PI;  1332;   45
2020-05-11;PI;  1443;   49
2020-05-12;PI;  1612;   57
2020-05-13;PI;  1784;   60
2020-05-14;PI;  1905;   60
2020-05-15;PI;  2085;   65
2020-05-16;PI;  2252;   72
2020-05-17;PI;  2287;   80
2020-05-18;PI;  2440;   85
2020-05-19;PI;  2637;   87
2020-05-20;PI;  2852;   91
2020-05-21;PI;  3074;   93
2020-05-22;PI;  3258;   99
2020-05-23;PI;  3390;  107
2020-05-24;PI;  3550;  110
2020-05-25;PI;  3720;  119
2020-05-26;PI;  3966;  134
2020-05-27;PI;  4243;  138
2020-05-28;PI;  4503;  146
2020-05-29;PI;  4745;  157
2020-05-30;PI;  4931;  161
2020-05-31;PI;  5119;  168
2020-06-01;PI;  5506;  180
2020-06-02;PI;  5828;  192
2020-06-03;PI;  6064;  202
2020-06-04;PI;  6717;  217
2020-06-05;PI;  7105;  224
2020-06-06;PI;  7478;  239
2020-06-07;PI;  7621;  254
2020-06-08;PI;  7927;  265
2020-06-09;PI;  8359;  283
2020-06-10;PI;  8823;  299
2020-06-11;PI;  9337;  317
2020-06-12;PI;  9825;  335
2020-06-13;PI; 10153;  360
2020-06-14;PI; 10357;  374
2020-06-15;PI; 10881;  393
2020-06-16;PI; 11559;  398
2020-06-17;PI; 12099;  421
2020-06-18;PI; 12567;  435
2020-06-19;PI; 13813;  459
2020-06-20;PI; 14264;  485
2020-06-21;PI; 14476;  502
2020-06-22;PI; 15269;  517
2020-06-23;PI; 16227;  534
2020-06-24;PI; 17080;  546
2020-06-25;PI; 18023;  574
2020-06-26;PI; 18665;  592
2020-06-27;PI; 19158;  615
2020-06-28;PI; 19753;  643
2020-06-29;PI; 20422;  663
2020-06-30;PI; 22059;  686
2020-07-01;PI; 23307;  697
2020-07-02;PI; 24376;  726
2020-07-03;PI; 25561;  762
2020-07-04;PI; 26079;  784
2020-07-05;PI; 26511;  809
2020-07-06;PI; 27514;  834
2020-07-07;PI; 28411;  858
2020-07-08;PI; 29745;  884
2020-07-09;PI; 31269;  896
2020-07-10;PI; 32465;  914
2020-07-11;PI; 32963;  936
2020-07-12;PI; 33359;  960
2020-07-13;PI; 34156;  992
2020-07-14;PI; 35445; 1019
2020-07-15;PI; 36542; 1043
2020-07-16;PI; 37057; 1065
2020-07-17;PI; 38568; 1083
2020-07-18;PI; 39296; 1100
2020-07-19;PI; 39606; 1118
2020-07-20;PI; 40276; 1140
2020-07-21;PI; 41815; 1158
2020-07-22;PI; 43179; 1184
2020-07-23;PI; 44349; 1215
2020-07-24;PI; 45389; 1228
2020-07-25;PI; 46044; 1243
2020-07-26;PI; 46584; 1259
2020-07-27;PI; 47551; 1278
2020-03-12;PR;     6;    0
2020-03-13;PR;     6;    0
2020-03-16;PR;     6;    0
2020-03-17;PR;    12;    0
2020-03-18;PR;    14;    0
2020-03-19;PR;    23;    0
2020-03-20;PR;    36;    0
2020-03-21;PR;    43;    0
2020-03-22;PR;    54;    0
2020-03-23;PR;    60;    0
2020-03-24;PR;    70;    0
2020-03-25;PR;    97;    0
2020-03-26;PR;   106;    0
2020-03-27;PR;   125;    2
2020-03-28;PR;   137;    2
2020-03-29;PR;   152;    2
2020-03-30;PR;   160;    3
2020-03-31;PR;   185;    3
2020-04-01;PR;   229;    3
2020-04-02;PR;   258;    4
2020-04-03;PR;   307;    5
2020-04-04;PR;   401;    7
2020-04-05;PR;   445;   10
2020-04-06;PR;   466;   14
2020-04-07;PR;   511;   15
2020-04-08;PR;   550;   17
2020-04-09;PR;   621;   24
2020-04-10;PR;   655;   26
2020-04-11;PR;   688;   27
2020-04-12;PR;   750;   31
2020-04-13;PR;   768;   33
2020-04-14;PR;   803;   39
2020-04-15;PR;   816;   41
2020-04-16;PR;   845;   43
2020-04-17;PR;   887;   44
2020-04-18;PR;   960;   49
2020-04-19;PR;  1002;   52
2020-04-20;PR;  1022;   53
2020-04-21;PR;  1039;   55
2020-04-22;PR;  1077;   60
2020-04-23;PR;  1096;   62
2020-04-24;PR;  1133;   67
2020-04-25;PR;  1155;   71
2020-04-26;PR;  1171;   75
2020-04-27;PR;  1201;   77
2020-04-28;PR;  1286;   79
2020-04-29;PR;  1364;   84
2020-04-30;PR;  1423;   88
2020-05-01;PR;  1464;   92
2020-05-02;PR;  1510;   93
2020-05-03;PR;  1533;   96
2020-05-04;PR;  1581;   97
2020-05-05;PR;  1608;  102
2020-05-06;PR;  1647;  104
2020-05-07;PR;  1678;  107
2020-05-08;PR;  1734;  109
2020-05-09;PR;  1809;  110
2020-05-10;PR;  1859;  112
2020-05-11;PR;  1873;  114
2020-05-12;PR;  1930;  116
2020-05-13;PR;  2023;  120
2020-05-14;PR;  2091;  122
2020-05-15;PR;  2167;  124
2020-05-16;PR;  2272;  126
2020-05-17;PR;  2316;  127
2020-05-18;PR;  2390;  130
2020-05-19;PR;  2519;  133
2020-05-20;PR;  2656;  140
2020-05-21;PR;  2855;  144
2020-05-22;PR;  2985;  149
2020-05-23;PR;  3147;  153
2020-05-24;PR;  3260;  156
2020-05-25;PR;  3384;  160
2020-05-26;PR;  3567;  164
2020-05-27;PR;  3768;  167
2020-05-28;PR;  4041;  174
2020-05-29;PR;  4300;  178
2020-05-30;PR;  4538;  186
2020-05-31;PR;  4752;  187
2020-06-01;PR;  4900;  195
2020-06-02;PR;  5235;  204
2020-06-03;PR;  5567;  210
2020-06-04;PR;  5895;  220
2020-06-05;PR;  6434;  233
2020-06-06;PR;  6693;  239
2020-06-07;PR;  6987;  244
2020-06-08;PR;  7121;  250
2020-06-09;PR;  7410;  260
2020-06-10;PR;  7934;  282
2020-06-11;PR;  8569;  288
2020-06-12;PR;  8818;  302
2020-06-13;PR;  9353;  320
2020-06-14;PR;  9706;  334
2020-06-15;PR;  9839;  342
2020-06-16;PR; 10690;  372
2020-06-17;PR; 11225;  394
2020-06-18;PR; 12059;  415
2020-06-19;PR; 12932;  428
2020-06-20;PR; 13821;  437
2020-06-21;PR; 14501;  451
2020-06-22;PR; 15124;  469
2020-06-23;PR; 15853;  498
2020-06-24;PR; 16963;  521
2020-06-25;PR; 17822;  539
2020-06-26;PR; 18672;  564
2020-06-27;PR; 19819;  575
2020-06-28;PR; 20742;  599
2020-06-29;PR; 21326;  613
2020-06-30;PR; 22877;  649
2020-07-01;PR; 24225;  663
2020-07-02;PR; 26304;  706
2020-07-03;PR; 28166;  727
2020-07-04;PR; 30570;  763
2020-07-05;PR; 31459;  795
2020-07-06;PR; 32769;  820
2020-07-07;PR; 34308;  851
2020-07-08;PR; 35715;  895
2020-07-09;PR; 37424;  931
2020-07-10;PR; 39512;  978
2020-07-11;PR; 40797; 1016
2020-07-12;PR; 42537; 1045
2020-07-13;PR; 43582; 1089
2020-07-14;PR; 45363; 1146
2020-07-15;PR; 47124; 1200
2020-07-16;PR; 49405; 1246
2020-07-17;PR; 51321; 1292
2020-07-18;PR; 53553; 1308
2020-07-19;PR; 54629; 1327
2020-07-20;PR; 55909; 1357
2020-07-21;PR; 57538; 1415
2020-07-22;PR; 59927; 1486
2020-07-23;PR; 62004; 1545
2020-07-24;PR; 64259; 1598
2020-07-25;PR; 65593; 1653
2020-07-26;PR; 67220; 1671
2020-07-27;PR; 68001; 1703
2020-03-05;RJ;     1;    0
2020-03-06;RJ;     2;    0
2020-03-08;RJ;     3;    0
2020-03-12;RJ;    15;    0
2020-03-15;RJ;    24;    0
2020-03-16;RJ;    25;    0
2020-03-18;RJ;    63;    0
2020-03-19;RJ;    66;    2
2020-03-21;RJ;   119;    3
2020-03-22;RJ;   186;    3
2020-03-23;RJ;   233;    4
2020-03-24;RJ;   305;    6
2020-03-25;RJ;   370;    8
2020-03-26;RJ;   421;    9
2020-03-27;RJ;   493;   10
2020-03-28;RJ;   558;   13
2020-03-29;RJ;   600;   17
2020-03-30;RJ;   657;   18
2020-03-31;RJ;   708;   23
2020-04-01;RJ;   832;   28
2020-04-02;RJ;   992;   41
2020-04-03;RJ;  1074;   47
2020-04-04;RJ;  1246;   58
2020-04-05;RJ;  1394;   64
2020-04-06;RJ;  1461;   71
2020-04-07;RJ;  1688;   89
2020-04-08;RJ;  1938;  106
2020-04-09;RJ;  2216;  122
2020-04-10;RJ;  2464;  147
2020-04-11;RJ;  2607;  155
2020-04-12;RJ;  2855;  170
2020-04-13;RJ;  3221;  182
2020-04-14;RJ;  3410;  224
2020-04-15;RJ;  3743;  265
2020-04-16;RJ;  3944;  301
2020-04-17;RJ;  4349;  341
2020-04-18;RJ;  4543;  387
2020-04-19;RJ;  4675;  402
2020-04-20;RJ;  4899;  422
2020-04-21;RJ;  5306;  461
2020-04-22;RJ;  5552;  490
2020-04-23;RJ;  6172;  530
2020-04-24;RJ;  6282;  570
2020-04-25;RJ;  6828;  615
2020-04-26;RJ;  7111;  645
2020-04-27;RJ;  7944;  677
2020-04-28;RJ;  8504;  738
2020-04-29;RJ;  8869;  794
2020-04-30;RJ;  9453;  854
2020-05-01;RJ; 10166;  921
2020-05-02;RJ; 10546;  971
2020-05-03;RJ; 11139; 1019
2020-05-04;RJ; 11721; 1065
2020-05-05;RJ; 12391; 1123
2020-05-06;RJ; 13295; 1205
2020-05-07;RJ; 14156; 1394
2020-05-08;RJ; 15741; 1503
2020-05-09;RJ; 16929; 1653
2020-05-10;RJ; 17062; 1714
2020-05-11;RJ; 17939; 1770
2020-05-12;RJ; 18486; 1928
2020-05-13;RJ; 18728; 2050
2020-05-14;RJ; 19467; 2247
2020-05-15;RJ; 19987; 2438
2020-05-16;RJ; 21601; 2614
2020-05-17;RJ; 22238; 2715
2020-05-18;RJ; 26665; 2852
2020-05-19;RJ; 27805; 3079
2020-05-20;RJ; 30372; 3237
2020-05-21;RJ; 32089; 3412
2020-05-22;RJ; 33589; 3657
2020-05-23;RJ; 34533; 3905
2020-05-24;RJ; 37912; 3993
2020-05-25;RJ; 39298; 4105
2020-05-26;RJ; 40024; 4361
2020-05-27;RJ; 42398; 4605
2020-05-28;RJ; 44886; 4856
2020-05-29;RJ; 47953; 5079
2020-05-30;RJ; 52420; 5277
2020-05-31;RJ; 53388; 5344
2020-06-01;RJ; 54530; 5462
2020-06-02;RJ; 56732; 5686
2020-06-03;RJ; 59240; 6010
2020-06-04;RJ; 60932; 6327
2020-06-05;RJ; 63066; 6473
2020-06-06;RJ; 64533; 6639
2020-06-07;RJ; 67756; 6707
2020-06-08;RJ; 69499; 6781
2020-06-09;RJ; 72979; 6928
2020-06-10;RJ; 74373; 7138
2020-06-11;RJ; 75775; 7363
2020-06-12;RJ; 77784; 7417
2020-06-13;RJ; 78836; 7592
2020-06-14;RJ; 79572; 7672
2020-06-15;RJ; 80946; 7728
2020-06-16;RJ; 83343; 7967
2020-06-17;RJ; 86963; 8138
2020-06-18;RJ; 87317; 8412
2020-06-19;RJ; 93378; 8595
2020-06-20;RJ; 95537; 8824
2020-06-21;RJ; 96133; 8875
2020-06-22;RJ; 97572; 8933
2020-06-23;RJ;100869; 9153
2020-06-24;RJ;103493; 9295
2020-06-25;RJ;105897; 9450
2020-06-26;RJ;108497; 9587
2020-06-27;RJ;108803; 9789
2020-06-28;RJ;111298; 9819
2020-06-29;RJ;111883; 9848
2020-06-30;RJ;112611;10080
2020-07-01;RJ;115278;10198
2020-07-02;RJ;116823;10332
2020-07-03;RJ;118956;10500
2020-07-04;RJ;120428;10624
2020-07-05;RJ;121292;10667
2020-07-06;RJ;121879;10698
2020-07-07;RJ;124086;10881
2020-07-08;RJ;126329;10970
2020-07-09;RJ;128324;11115
2020-07-10;RJ;129443;11280
2020-07-11;RJ;129675;11406
2020-07-12;RJ;129684;11415
2020-07-13;RJ;132044;11474
2020-07-14;RJ;132822;11624
2020-07-15;RJ;134449;11757
2020-07-16;RJ;134573;11849
2020-07-17;RJ;135230;11919
2020-07-19;RJ;138524;12114
2020-07-20;RJ;141005;12161
2020-07-21;RJ;145121;12293
2020-07-22;RJ;148623;12443
2020-07-23;RJ;151549;12535
2020-07-24;RJ;154879;12654
2020-07-25;RJ;156293;12808
2020-07-26;RJ;156325;12835
2020-07-27;RJ;157834;12876
2020-03-12;RN;     1;    0
2020-03-13;RN;     1;    0
2020-03-16;RN;     1;    0
2020-03-18;RN;     1;    0
2020-03-20;RN;     6;    0
2020-03-21;RN;     9;    0
2020-03-22;RN;    13;    0
2020-03-24;RN;    14;    0
2020-03-25;RN;    14;    0
2020-03-26;RN;    19;    0
2020-03-27;RN;    28;    0
2020-03-28;RN;    68;    1
2020-03-30;RN;    77;    1
2020-03-31;RN;    82;    1
2020-04-01;RN;    92;    2
2020-04-02;RN;   106;    2
2020-04-03;RN;   176;    4
2020-04-04;RN;   215;    6
2020-04-05;RN;   246;    7
2020-04-07;RN;   254;    8
2020-04-08;RN;   261;   11
2020-04-10;RN;   263;   11
2020-04-11;RN;   289;   13
2020-04-12;RN;   339;   17
2020-04-13;RN;   376;   18
2020-04-14;RN;   399;   19
2020-04-15;RN;   400;   20
2020-04-16;RN;   463;   23
2020-04-17;RN;   516;   24
2020-04-18;RN;   561;   26
2020-04-19;RN;   595;   27
2020-04-20;RN;   608;   28
2020-04-21;RN;   646;   29
2020-04-22;RN;   708;   34
2020-04-23;RN;   754;   38
2020-04-24;RN;   781;   40
2020-04-25;RN;   825;   44
2020-04-26;RN;   832;   45
2020-04-27;RN;   857;   48
2020-04-28;RN;  1086;   54
2020-04-29;RN;  1177;   56
2020-04-30;RN;  1297;   56
2020-05-01;RN;  1366;   59
2020-05-02;RN;  1392;   61
2020-05-03;RN;  1421;   62
2020-05-04;RN;  1536;   68
2020-05-05;RN;  1644;   72
2020-05-06;RN;  1739;   76
2020-05-07;RN;  1821;   81
2020-05-08;RN;  1919;   87
2020-05-10;RN;  1930;   87
2020-05-11;RN;  2033;   93
2020-05-12;RN;  2367;  105
2020-05-13;RN;  2537;  117
2020-05-14;RN;  2786;  122
2020-05-16;RN;  3004;  136
2020-05-17;RN;  3138;  139
2020-05-18;RN;  3483;  160
2020-05-19;RN;  3796;  170
2020-05-20;RN;  4060;  178
2020-05-21;RN;  4251;  181
2020-05-22;RN;  4599;  184
2020-05-24;RN;  4774;  212
2020-05-25;RN;  5472;  220
2020-05-26;RN;  5630;  242
2020-05-28;RN;  6463;  268
2020-05-29;RN;  7402;  305
2020-05-31;RN;  8008;  323
2020-06-01;RN;  8233;  341
2020-06-02;RN;  9149;  367
2020-06-03;RN;  9282;  378
2020-06-04;RN;  9433;  387
2020-06-05;RN;  9449;  410
2020-06-07;RN; 10888;  431
2020-06-08;RN; 11027;  459
2020-06-09;RN; 11568;  487
2020-06-10;RN; 13234;  496
2020-06-11;RN; 13544;  515
2020-06-12;RN; 13789;  533
2020-06-13;RN; 14171;  534
2020-06-14;RN; 14214;  553
2020-06-15;RN; 15212;  585
2020-06-16;RN; 15690;  626
2020-06-17;RN; 15889;  655
2020-06-18;RN; 16039;  693
2020-06-19;RN; 19206;  697
2020-06-20;RN; 19290;  697
2020-06-21;RN; 19957;  730
2020-06-22;RN; 20075;  750
2020-06-23;RN; 21844;  814
2020-06-24;RN; 22738;  865
2020-06-25;RN; 23806;  896
2020-06-26;RN; 24253;  909
2020-06-27;RN; 24301;  937
2020-06-28;RN; 29784;  999
2020-06-29;RN; 30352; 1039
2020-06-30;RN; 31964; 1072
2020-07-01;RN; 32962; 1108
2020-07-02;RN; 33487; 1177
2020-07-03;RN; 34322; 1205
2020-07-04;RN; 34645; 1213
2020-07-05;RN; 35056; 1254
2020-07-06;RN; 35897; 1297
2020-07-07;RN; 36587; 1332
2020-07-08;RN; 37137; 1351
2020-07-09;RN; 38342; 1362
2020-07-10;RN; 38704; 1386
2020-07-11;RN; 39421; 1394
2020-07-12;RN; 39908; 1410
2020-07-13;RN; 40455; 1449
2020-07-14;RN; 40767; 1479
2020-07-15;RN; 41096; 1507
2020-07-16;RN; 41424; 1532
2020-07-17;RN; 43573; 1577
2020-07-18;RN; 43766; 1577
2020-07-19;RN; 44083; 1590
2020-07-20;RN; 44340; 1628
2020-07-21;RN; 45313; 1642
2020-07-22;RN; 46187; 1656
2020-07-23;RN; 46814; 1672
2020-07-24;RN; 47061; 1678
2020-07-25;RN; 47099; 1678
2020-07-26;RN; 47430; 1703
2020-03-20;RO;     1;    0
2020-03-21;RO;     3;    0
2020-03-22;RO;     3;    0
2020-03-24;RO;     5;    0
2020-03-25;RO;     5;    0
2020-03-26;RO;     6;    0
2020-03-27;RO;     6;    0
2020-03-28;RO;     6;    0
2020-03-29;RO;     6;    0
2020-03-30;RO;     8;    1
2020-03-31;RO;     9;    1
2020-04-01;RO;     9;    1
2020-04-02;RO;    10;    1
2020-04-03;RO;    10;    1
2020-04-04;RO;    11;    1
2020-04-05;RO;    14;    1
2020-04-06;RO;    18;    1
2020-04-07;RO;    23;    1
2020-04-08;RO;    26;    1
2020-04-09;RO;    28;    2
2020-04-10;RO;    32;    2
2020-04-11;RO;    34;    2
2020-04-12;RO;    42;    2
2020-04-14;RO;    69;    2
2020-04-15;RO;    73;    2
2020-04-16;RO;    92;    3
2020-04-17;RO;   110;    3
2020-04-18;RO;   128;    4
2020-04-19;RO;   160;    4
2020-04-20;RO;   199;    4
2020-04-21;RO;   223;    5
2020-04-23;RO;   250;    5
2020-04-24;RO;   290;    6
2020-04-25;RO;   328;    7
2020-04-26;RO;   364;   10
2020-04-27;RO;   393;   10
2020-04-28;RO;   413;   11
2020-04-29;RO;   433;   15
2020-04-30;RO;   502;   16
2020-05-01;RO;   585;   18
2020-05-02;RO;   654;   23
2020-05-03;RO;   705;   24
2020-05-04;RO;   756;   25
2020-05-05;RO;   861;   29
2020-05-06;RO;   943;   33
2020-05-07;RO;  1098;   37
2020-05-08;RO;  1222;   39
2020-05-09;RO;  1263;   41
2020-05-10;RO;  1302;   43
2020-05-11;RO;  1398;   47
2020-05-12;RO;  1460;   50
2020-05-13;RO;  1612;   50
2020-05-14;RO;  1686;   56
2020-05-15;RO;  1794;   62
2020-05-16;RO;  1918;   69
2020-05-17;RO;  1963;   74
2020-05-18;RO;  2043;   83
2020-05-19;RO;  2413;   88
2020-05-20;RO;  2499;   90
2020-05-22;RO;  2774;  106
2020-05-23;RO;  3109;  115
2020-05-24;RO;  3201;  121
2020-05-25;RO;  3268;  121
2020-05-26;RO;  3493;  133
2020-05-27;RO;  3862;  137
2020-05-28;RO;  4252;  142
2020-05-29;RO;  4502;  145
2020-05-30;RO;  4743;  151
2020-05-31;RO;  4942;  156
2020-06-02;RO;  5477;  172
2020-06-03;RO;  5714;  180
2020-06-04;RO;  6459;  194
2020-06-05;RO;  6862;  213
2020-06-06;RO;  7701;  228
2020-06-07;RO;  8110;  235
2020-06-08;RO;  8626;  245
2020-06-09;RO;  9220;  255
2020-06-10;RO;  9850;  267
2020-06-11;RO; 10547;  293
2020-06-12;RO; 11224;  296
2020-06-13;RO; 11632;  309
2020-06-14;RO; 11865;  324
2020-06-15;RO; 12180;  332
2020-06-16;RO; 13010;  346
2020-06-17;RO; 13567;  361
2020-06-18;RO; 13804;  374
2020-06-19;RO; 14353;  391
2020-06-20;RO; 14952;  409
2020-06-21;RO; 15181;  417
2020-06-22;RO; 15827;  432
2020-06-23;RO; 16499;  444
2020-06-24;RO; 17424;  455
2020-06-26;RO; 19271;  476
2020-06-27;RO; 19735;  481
2020-06-28;RO; 19820;  486
2020-06-29;RO; 20406;  499
2020-06-30;RO; 21251;  518
2020-07-01;RO; 21523;  523
2020-07-02;RO; 21970;  530
2020-07-03;RO; 22241;  533
2020-07-04;RO; 22957;  548
2020-07-05;RO; 23479;  555
2020-07-06;RO; 23920;  558
2020-07-07;RO; 24563;  577
2020-07-08;RO; 25067;  585
2020-07-09;RO; 25402;  589
2020-07-10;RO; 26000;  606
2020-07-11;RO; 26496;  617
2020-07-12;RO; 26728;  628
2020-07-13;RO; 27050;  647
2020-07-14;RO; 27528;  663
2020-07-15;RO; 27917;  667
2020-07-16;RO; 28654;  677
2020-07-17;RO; 29117;  686
2020-07-20;RO; 29801;  710
2020-07-21;RO; 30642;  727
2020-07-22;RO; 32944;  758
2020-07-23;RO; 34080;  784
2020-07-24;RO; 34873;  801
2020-07-25;RO; 35573;  810
2020-07-26;RO; 35810;  814
2020-07-27;RO; 36148;  830
2020-03-21;RR;     2;    0
2020-03-22;RR;     2;    0
2020-03-23;RR;     2;    0
2020-03-24;RR;     8;    0
2020-03-25;RR;     8;    0
2020-03-26;RR;    10;    0
2020-03-27;RR;    12;    0
2020-03-28;RR;    16;    0
2020-03-29;RR;    16;    0
2020-03-30;RR;    16;    0
2020-03-31;RR;    16;    0
2020-04-01;RR;    26;    0
2020-04-02;RR;    30;    0
2020-04-03;RR;    37;    1
2020-04-04;RR;    42;    1
2020-04-05;RR;    42;    1
2020-04-06;RR;    42;    1
2020-04-07;RR;    49;    1
2020-04-08;RR;    52;    1
2020-04-09;RR;    63;    2
2020-04-10;RR;    75;    3
2020-04-11;RR;    79;    3
2020-04-12;RR;    83;    3
2020-04-13;RR;   113;    3
2020-04-14;RR;   114;    3
2020-04-15;RR;   142;    3
2020-04-16;RR;   164;    3
2020-04-17;RR;   201;    3
2020-04-18;RR;   222;    3
2020-04-19;RR;   244;    3
2020-04-20;RR;   247;    3
2020-04-21;RR;   280;    3
2020-04-22;RR;   297;    3
2020-04-23;RR;   304;    3
2020-04-24;RR;   345;    3
2020-04-25;RR;   401;    4
2020-04-26;RR;   407;    4
2020-04-27;RR;   425;    4
2020-04-29;RR;   426;    4
2020-04-30;RR;   519;    7
2020-05-01;RR;   519;    7
2020-05-03;RR;   533;    7
2020-05-04;RR;   578;   11
2020-05-05;RR;   869;   11
2020-05-06;RR;   932;   13
2020-05-07;RR;  1020;   14
2020-05-08;RR;  1124;   16
2020-05-09;RR;  1202;   18
2020-05-10;RR;  1290;   21
2020-05-11;RR;  1295;   24
2020-05-12;RR;  1411;   28
2020-05-13;RR;  1411;   29
2020-05-14;RR;  1500;   37
2020-05-15;RR;  1589;   40
2020-05-16;RR;  1706;   49
2020-05-17;RR;  1791;   51
2020-05-18;RR;  1882;   60
2020-05-19;RR;  1988;   64
2020-05-20;RR;  1988;   64
2020-05-21;RR;  1988;   64
2020-05-22;RR;  2296;   72
2020-05-23;RR;  2439;   72
2020-05-24;RR;  2439;   84
2020-05-25;RR;  2564;   86
2020-05-26;RR;  2682;  102
2020-05-27;RR;  2959;  102
2020-05-28;RR;  3098;  108
2020-05-29;RR;  3299;  110
2020-05-30;RR;  3474;  116
2020-05-31;RR;  3692;  116
2020-06-01;RR;  3850;  120
2020-06-02;RR;  4143;  124
2020-06-04;RR;  4831;  139
2020-06-05;RR;  5238;  139
2020-06-06;RR;  5529;  142
2020-06-07;RR;  5768;  145
2020-06-08;RR;  6056;  168
2020-06-09;RR;  6347;  182
2020-06-10;RR;  6594;  188
2020-06-11;RR;  6712;  192
2020-06-12;RR;  6842;  197
2020-06-13;RR;  6875;  200
2020-06-14;RR;  6881;  203
2020-06-15;RR;  6935;  216
2020-06-16;RR;  7150;  224
2020-06-17;RR;  7421;  224
2020-06-18;RR;  7650;  239
2020-06-19;RR;  8037;  245
2020-06-20;RR;  8120;  251
2020-06-21;RR;  8188;  251
2020-06-22;RR; 10340;  250
2020-06-23;RR; 10803;  259
2020-06-24;RR; 11872;  271
2020-06-25;RR; 12911;  273
2020-06-26;RR; 13078;  281
2020-06-27;RR; 14341;  281
2020-06-28;RR; 14459;  281
2020-06-29;RR; 14641;  283
2020-06-30;RR; 15153;  314
2020-07-01;RR; 17583;  354
2020-07-02;RR; 18323;  358
2020-07-03;RR; 18769;  364
2020-07-04;RR; 18922;  368
2020-07-05;RR; 18948;  371
2020-07-06;RR; 19088;  376
2020-07-07;RR; 19284;  386
2020-07-08;RR; 20154;  393
2020-07-09;RR; 21220;  393
2020-07-10;RR; 21849;  396
2020-07-11;RR; 22225;  396
2020-07-12;RR; 22627;  397
2020-07-13;RR; 22968;  398
2020-07-14;RR; 23681;  403
2020-07-15;RR; 24397;  415
2020-07-16;RR; 25007;  425
2020-07-17;RR; 25373;  429
2020-07-18;RR; 25467;  429
2020-07-19;RR; 25686;  431
2020-07-20;RR; 25985;  435
2020-07-21;RR; 26954;  451
2020-07-22;RR; 27932;  458
2020-07-23;RR; 28874;  465
2020-07-24;RR; 29394;  473
2020-07-25;RR; 29829;  473
2020-07-26;RR; 29902;  474
2020-03-10;RS;     1;    0
2020-03-11;RS;     2;    0
2020-03-12;RS;     4;    0
2020-03-13;RS;     4;    0
2020-03-16;RS;     8;    0
2020-03-18;RS;    19;    0
2020-03-19;RS;    31;    0
2020-03-20;RS;    43;    0
2020-03-21;RS;    69;    0
2020-03-22;RS;    77;    0
2020-03-23;RS;    96;    0
2020-03-24;RS;   112;    0
2020-03-25;RS;   162;    1
2020-03-26;RS;   190;    1
2020-03-27;RS;   197;    2
2020-03-28;RS;   200;    2
2020-03-29;RS;   230;    2
2020-03-30;RS;   254;    4
2020-03-31;RS;   305;    4
2020-04-01;RS;   316;    5
2020-04-02;RS;   386;    5
2020-04-03;RS;   410;    6
2020-04-04;RS;   418;    7
2020-04-05;RS;   468;    7
2020-04-06;RS;   501;    8
2020-04-07;RS;   555;    8
2020-04-08;RS;   581;   10
2020-04-09;RS;   636;   14
2020-04-10;RS;   640;   15
2020-04-11;RS;   653;   16
2020-04-12;RS;   664;   16
2020-04-13;RS;   685;   17
2020-04-14;RS;   720;   18
2020-04-15;RS;   762;   19
2020-04-16;RS;   792;   21
2020-04-17;RS;   831;   24
2020-04-18;RS;   854;   24
2020-04-19;RS;   869;   26
2020-04-20;RS;   904;   27
2020-04-21;RS;   918;   27
2020-04-22;RS;   970;   28
2020-04-23;RS;  1039;   29
2020-04-24;RS;  1096;   34
2020-04-25;RS;  1166;   35
2020-04-26;RS;  1208;   38
2020-04-27;RS;  1256;   45
2020-04-28;RS;  1350;   49
2020-04-29;RS;  1420;   51
2020-04-30;RS;  1529;   58
2020-05-01;RS;  1619;   62
2020-05-02;RS;  1666;   65
2020-05-03;RS;  1690;   67
2020-05-04;RS;  1768;   76
2020-05-05;RS;  2019;   83
2020-05-06;RS;  2100;   90
2020-05-07;RS;  2182;   91
2020-05-08;RS;  2493;   95
2020-05-09;RS;  2542;   97
2020-05-10;RS;  2576;  100
2020-05-11;RS;  2808;  105
2020-05-12;RS;  2917;  111
2020-05-13;RS;  2997;  120
2020-05-14;RS;  3101;  126
2020-05-15;RS;  3695;  132
2020-05-16;RS;  3734;  138
2020-05-17;RS;  3735;  144
2020-05-18;RS;  3750;  151
2020-05-19;RS;  3798;  160
2020-05-20;RS;  4973;  161
2020-05-21;RS;  5473;  166
2020-05-22;RS;  5918;  172
2020-05-23;RS;  6336;  176
2020-05-24;RS;  6470;  180
2020-05-25;RS;  6559;  197
2020-05-26;RS;  6785;  203
2020-05-27;RS;  7048;  209
2020-05-28;RS;  8234;  213
2020-05-29;RS;  8843;  216
2020-05-30;RS;  9242;  218
2020-05-31;RS;  9332;  224
2020-06-01;RS;  9496;  232
2020-06-02;RS;  9919;  245
2020-06-03;RS; 10398;  258
2020-06-04;RS; 11010;  265
2020-06-05;RS; 11583;  276
2020-06-06;RS; 12037;  283
2020-06-07;RS; 12135;  286
2020-06-08;RS; 12250;  291
2020-06-09;RS; 12802;  302
2020-06-10;RS; 13619;  316
2020-06-11;RS; 14168;  323
2020-06-12;RS; 14384;  337
2020-06-13;RS; 14627;  344
2020-06-14;RS; 14661;  350
2020-06-15;RS; 15438;  360
2020-06-16;RS; 16471;  374
2020-06-17;RS; 17128;  387
2020-06-18;RS; 17822;  406
2020-06-19;RS; 18587;  423
2020-06-20;RS; 19138;  430
2020-06-21;RS; 19348;  434
2020-06-22;RS; 19710;  458
2020-06-23;RS; 20864;  477
2020-06-24;RS; 22009;  500
2020-06-25;RS; 23060;  500
2020-06-26;RS; 24114;  540
2020-06-27;RS; 25000;  554
2020-06-28;RS; 25243;  559
2020-06-29;RS; 25659;  582
2020-06-30;RS; 26941;  614
2020-07-01;RS; 28171;  636
2020-07-02;RS; 29195;  663
2020-07-03;RS; 30371;  690
2020-07-04;RS; 31619;  715
2020-07-05;RS; 31955;  727
2020-07-06;RS; 32401;  759
2020-07-07;RS; 33800;  793
2020-07-08;RS; 35557;  825
2020-07-09;RS; 36434;  870
2020-07-10;RS; 37490;  919
2020-07-11;RS; 38720;  943
2020-07-12;RS; 39240;  962
2020-07-13;RS; 39656;  995
2020-07-14;RS; 40993; 1060
2020-07-15;RS; 42239; 1101
2020-07-16;RS; 45344; 1141
2020-07-17;RS; 46710; 1174
2020-07-18;RS; 46847; 1229
2020-07-19;RS; 47113; 1252
2020-07-20;RS; 47449; 1285
2020-07-21;RS; 49840; 1349
2020-07-22;RS; 53073; 1397
2020-07-23;RS; 54841; 1456
2020-07-24;RS; 57007; 1494
2020-07-25;RS; 59118; 1554
2020-07-26;RS; 59779; 1571
2020-07-27;RS; 60044; 1611
2020-03-12;SC;     2;    0
2020-03-13;SC;     3;    0
2020-03-14;SC;     5;    0
2020-03-15;SC;     6;    0
2020-03-16;SC;     7;    0
2020-03-17;SC;     7;    0
2020-03-18;SC;    14;    0
2020-03-19;SC;    21;    0
2020-03-20;SC;    40;    0
2020-03-21;SC;    57;    0
2020-03-22;SC;    68;    0
2020-03-23;SC;    86;    0
2020-03-24;SC;   109;    0
2020-03-25;SC;   122;    0
2020-03-26;SC;   149;    1
2020-03-27;SC;   163;    1
2020-03-28;SC;   184;    1
2020-03-29;SC;   197;    1
2020-03-30;SC;   219;    2
2020-03-31;SC;   235;    2
2020-04-01;SC;   247;    2
2020-04-02;SC;   281;    5
2020-04-03;SC;   301;    5
2020-04-04;SC;   356;   10
2020-04-05;SC;   379;   10
2020-04-06;SC;   417;   11
2020-04-07;SC;   457;   15
2020-04-08;SC;   501;   17
2020-04-09;SC;   693;   18
2020-04-10;SC;   717;   18
2020-04-11;SC;   732;   21
2020-04-12;SC;   776;   24
2020-04-13;SC;   826;   26
2020-04-14;SC;   853;   28
2020-04-15;SC;   884;   29
2020-04-16;SC;   926;   30
2020-04-17;SC;   962;   31
2020-04-18;SC;   975;   32
2020-04-19;SC;  1025;   35
2020-04-20;SC;  1063;   35
2020-04-21;SC;  1091;   37
2020-04-22;SC;  1115;   39
2020-04-23;SC;  1170;   42
2020-04-24;SC;  1209;   42
2020-04-25;SC;  1235;   42
2020-04-26;SC;  1337;   43
2020-04-27;SC;  1476;   44
2020-04-28;SC;  1995;   44
2020-04-29;SC;  2085;   46
2020-04-30;SC;  2394;   48
2020-05-01;SC;  2104;   50
2020-05-02;SC;  2346;   52
2020-05-03;SC;  2519;   52
2020-05-04;SC;  2623;   55
2020-05-05;SC;  2795;   58
2020-05-06;SC;  2917;   59
2020-05-07;SC;  3082;   63
2020-05-08;SC;  3205;   63
2020-05-09;SC;  3372;   64
2020-05-10;SC;  3429;   65
2020-05-11;SC;  3529;   69
2020-05-12;SC;  3733;   73
2020-05-13;SC;  3828;   73
2020-05-14;SC;  4332;   78
2020-05-15;SC;  4562;   79
2020-05-16;SC;  4678;   81
2020-05-17;SC;  4776;   83
2020-05-18;SC;  5175;   85
2020-05-19;SC;  5413;   91
2020-05-20;SC;  5499;   94
2020-05-21;SC;  5610;   98
2020-05-22;SC;  6458;  100
2020-05-23;SC;  6607;  103
2020-05-24;SC;  6696;  105
2020-05-25;SC;  6875;  109
2020-05-26;SC;  7016;  121
2020-05-27;SC;  7372;  126
2020-05-28;SC;  8000;  131
2020-05-29;SC;  8530;  134
2020-05-30;SC;  8780;  136
2020-05-31;SC;  9037;  143
2020-06-01;SC;  9498;  146
2020-06-02;SC;  9660;  148
2020-06-03;SC; 10034;  152
2020-06-04;SC; 10532;  156
2020-06-05;SC; 10846;  159
2020-06-06;SC; 11285;  166
2020-06-07;SC; 11565;  171
2020-06-08;SC; 11742;  177
2020-06-09;SC; 12192;  179
2020-06-10;SC; 12594;  184
2020-06-11;SC; 12953;  186
2020-06-12;SC; 13165;  191
2020-06-13;SC; 13296;  193
2020-06-14;SC; 13360;  195
2020-06-15;SC; 13960;  199
2020-06-16;SC; 14402;  212
2020-06-17;SC; 15015;  216
2020-06-18;SC; 15573;  222
2020-06-19;SC; 16332;  234
2020-06-20;SC; 17108;  237
2020-06-21;SC; 17582;  246
2020-06-22;SC; 17937;  256
2020-06-23;SC; 19244;  263
2020-06-24;SC; 20921;  279
2020-06-25;SC; 21951;  289
2020-06-26;SC; 22947;  298
2020-06-27;SC; 23808;  304
2020-06-28;SC; 24364;  312
2020-06-29;SC; 25056;  324
2020-06-30;SC; 26354;  341
2020-07-01;SC; 27279;  347
2020-07-02;SC; 28575;  362
2020-07-03;SC; 30261;  376
2020-07-04;SC; 31931;  383
2020-07-05;SC; 32969;  393
2020-07-06;SC; 33822;  406
2020-07-07;SC; 35343;  420
2020-07-08;SC; 36810;  432
2020-07-09;SC; 38408;  447
2020-07-10;SC; 40106;  459
2020-07-11;SC; 42026;  485
2020-07-12;SC; 43031;  497
2020-07-13;SC; 43815;  517
2020-07-14;SC; 46050;  534
2020-07-15;SC; 47976;  569
2020-07-16;SC; 49781;  588
2020-07-17;SC; 51549;  646
2020-07-18;SC; 52531;  662
2020-07-19;SC; 53336;  685
2020-07-20;SC; 54414;  694
2020-07-21;SC; 56475;  738
2020-07-22;SC; 59556;  765
2020-07-23;SC; 62282;  812
2020-07-24;SC; 65017;  844
2020-07-25;SC; 67333;  880
2020-07-26;SC; 68730;  907
2020-07-27;SC; 70138;  924
2020-03-14;SE;     1;    0
2020-03-16;SE;     5;    0
2020-03-18;SE;     6;    0
2020-03-20;SE;     7;    0
2020-03-21;SE;    10;    0
2020-03-24;SE;    15;    0
2020-03-25;SE;    16;    0
2020-03-27;SE;    16;    0
2020-03-30;SE;    18;    0
2020-03-31;SE;    19;    0
2020-04-01;SE;    22;    0
2020-04-02;SE;    24;    2
2020-04-03;SE;    27;    2
2020-04-04;SE;    32;    3
2020-04-06;SE;    32;    4
2020-04-07;SE;    36;    4
2020-04-08;SE;    39;    4
2020-04-09;SE;    40;    4
2020-04-10;SE;    42;    4
2020-04-11;SE;    44;    4
2020-04-13;SE;    45;    4
2020-04-14;SE;    46;    4
2020-04-15;SE;    48;    4
2020-04-16;SE;    53;    4
2020-04-17;SE;    58;    4
2020-04-18;SE;    71;    5
2020-04-19;SE;    86;    5
2020-04-20;SE;    92;    5
2020-04-21;SE;   117;    7
2020-04-22;SE;   118;    7
2020-04-23;SE;   135;    8
2020-04-24;SE;   145;    8
2020-04-25;SE;   154;    9
2020-04-26;SE;   175;    9
2020-04-27;SE;   211;   11
2020-04-28;SE;   280;   11
2020-04-30;SE;   453;   14
2020-05-01;SE;   517;   14
2020-05-02;SE;   601;   14
2020-05-03;SE;   730;   14
2020-05-04;SE;   772;   17
2020-05-05;SE;   898;   21
2020-05-06;SE;   998;   23
2020-05-07;SE;  1214;   25
2020-05-08;SE;  1438;   28
2020-05-09;SE;  1588;   33
2020-05-10;SE;  1771;   34
2020-05-11;SE;  1800;   37
2020-05-12;SE;  2032;   37
2020-05-13;SE;  2268;   42
2020-05-14;SE;  2494;   47
2020-05-15;SE;  2868;   50
2020-05-16;SE;  3135;   53
2020-05-17;SE;  3343;   57
2020-05-18;SE;  3566;   59
2020-05-19;SE;  3967;   63
2020-05-20;SE;  4277;   69
2020-05-21;SE;  4734;   76
2020-05-22;SE;  4922;   82
2020-05-23;SE;  5131;   86
2020-05-24;SE;  5314;   93
2020-05-25;SE;  5448;  103
2020-05-26;SE;  5735;  116
2020-05-27;SE;  5912;  127
2020-05-28;SE;  6156;  135
2020-05-29;SE;  6462;  142
2020-05-30;SE;  6805;  149
2020-05-31;SE;  6999;  158
2020-06-01;SE;  7233;  166
2020-06-02;SE;  7555;  172
2020-06-03;SE;  7989;  180
2020-06-04;SE;  8200;  186
2020-06-05;SE;  8577;  198
2020-06-06;SE;  8972;  208
2020-06-07;SE;  9290;  217
2020-06-08;SE;  9727;  234
2020-06-09;SE; 10126;  252
2020-06-10;SE; 10615;  264
2020-06-11;SE; 11056;  283
2020-06-12;SE; 11534;  305
2020-06-13;SE; 12866;  316
2020-06-14;SE; 13968;  330
2020-06-15;SE; 15675;  352
2020-06-16;SE; 16310;  364
2020-06-17;SE; 16807;  383
2020-06-18;SE; 17338;  400
2020-06-19;SE; 17808;  426
2020-06-20;SE; 18449;  448
2020-06-21;SE; 18985;  462
2020-06-22;SE; 19384;  491
2020-06-23;SE; 19883;  511
2020-06-24;SE; 20353;  524
2020-06-25;SE; 21081;  554
2020-06-26;SE; 21908;  579
2020-06-27;SE; 23319;  605
2020-06-28;SE; 24421;  620
2020-06-29;SE; 24817;  653
2020-06-30;SE; 25411;  676
2020-07-01;SE; 26612;  725
2020-07-02;SE; 26612;  725
2020-07-03;SE; 28186;  764
2020-07-04;SE; 29761;  783
2020-07-05;SE; 30217;  798
2020-07-06;SE; 30718;  826
2020-07-07;SE; 31640;  851
2020-07-08;SE; 32490;  875
2020-07-09;SE; 33416;  901
2020-07-10;SE; 34713;  931
2020-07-11;SE; 36046;  954
2020-07-12;SE; 37631;  984
2020-07-13;SE; 38221; 1012
2020-07-14;SE; 39167; 1033
2020-07-15;SE; 40139; 1054
2020-07-16;SE; 41226; 1071
2020-07-17;SE; 41888; 1088
2020-07-18;SE; 43072; 1111
2020-07-19;SE; 45243; 1125
2020-07-20;SE; 46059; 1156
2020-07-21;SE; 47110; 1182
2020-07-22;SE; 48140; 1211
2020-07-23;SE; 49397; 1247
2020-07-24;SE; 51132; 1284
2020-07-25;SE; 52264; 1303
2020-07-26;SE; 52603; 1314
2020-07-27;SE; 53612; 1340
2020-02-25;SP;     1;    0
2020-02-26;SP;     1;    0
2020-02-27;SP;     1;    0
2020-02-28;SP;     2;    0
2020-02-29;SP;     2;    0
2020-03-01;SP;     2;    0
2020-03-02;SP;     2;    0
2020-03-03;SP;     2;    0
2020-03-04;SP;     3;    0
2020-03-05;SP;     6;    0
2020-03-06;SP;    10;    0
2020-03-07;SP;    13;    0
2020-03-08;SP;    16;    0
2020-03-09;SP;    16;    0
2020-03-10;SP;    19;    0
2020-03-11;SP;    30;    0
2020-03-12;SP;    46;    0
2020-03-14;SP;    65;    0
2020-03-16;SP;   152;    0
2020-03-17;SP;   164;    1
2020-03-18;SP;   240;    3
2020-03-19;SP;   286;    5
2020-03-20;SP;   396;    9
2020-03-21;SP;   396;   15
2020-03-22;SP;   631;   22
2020-03-23;SP;   745;   30
2020-03-24;SP;   810;   40
2020-03-25;SP;   862;   48
2020-03-26;SP;  1052;   58
2020-03-27;SP;  1223;   68
2020-03-28;SP;  1406;   84
2020-03-29;SP;  1451;   98
2020-03-30;SP;  1517;  113
2020-03-31;SP;  2339;  136
2020-04-01;SP;  2981;  164
2020-04-02;SP;  3506;  188
2020-04-03;SP;  4048;  219
2020-04-04;SP;  4466;  260
2020-04-05;SP;  4620;  275
2020-04-06;SP;  4866;  304
2020-04-07;SP;  5682;  371
2020-04-08;SP;  6708;  428
2020-04-09;SP;  7480;  496
2020-04-10;SP;  8216;  540
2020-04-11;SP;  8419;  560
2020-04-12;SP;  8755;  588
2020-04-13;SP;  8895;  608
2020-04-14;SP;  9371;  695
2020-04-15;SP; 11043;  778
2020-04-16;SP; 11568;  853
2020-04-17;SP; 12841;  928
2020-04-18;SP; 13894;  991
2020-04-19;SP; 14267; 1015
2020-04-20;SP; 14580; 1037
2020-04-21;SP; 15385; 1093
2020-04-22;SP; 15914; 1134
2020-04-23;SP; 16740; 1345
2020-04-24;SP; 17826; 1512
2020-04-25;SP; 20004; 1667
2020-04-26;SP; 20715; 1700
2020-04-27;SP; 21696; 1825
2020-04-28;SP; 24041; 2049
2020-04-29;SP; 26158; 2247
2020-04-30;SP; 28698; 2375
2020-05-01;SP; 30374; 2511
2020-05-02;SP; 31174; 2586
2020-05-03;SP; 31772; 2627
2020-05-04;SP; 32187; 2654
2020-05-05;SP; 34053; 2851
2020-05-06;SP; 37853; 3045
2020-05-07;SP; 39928; 3206
2020-05-08;SP; 41830; 3416
2020-05-09;SP; 44411; 3608
2020-05-10;SP; 45444; 3709
2020-05-11;SP; 46131; 3743
2020-05-12;SP; 47719; 3949
2020-05-13;SP; 51097; 4118
2020-05-14;SP; 54286; 4315
2020-05-15;SP; 58378; 4501
2020-05-16;SP; 61183; 4688
2020-05-17;SP; 62345; 4782
2020-05-18;SP; 63066; 4823
2020-05-19;SP; 65995; 5147
2020-05-20;SP; 69859; 5363
2020-05-21;SP; 73739; 5558
2020-05-22;SP; 76871; 5773
2020-05-23;SP; 80558; 6045
2020-05-24;SP; 82161; 6163
2020-05-25;SP; 83625; 6220
2020-05-26;SP; 86017; 6423
2020-05-27;SP; 89483; 6712
2020-05-28;SP; 95865; 6980
2020-05-29;SP;101556; 7275
2020-05-30;SP;107142; 7532
2020-05-31;SP;109698; 7615
2020-06-01;SP;111296; 7667
2020-06-02;SP;118295; 7994
2020-06-03;SP;123483; 8276
2020-06-04;SP;129200; 8561
2020-06-05;SP;134565; 8842
2020-06-06;SP;140549; 9058
2020-06-07;SP;143073; 9145
2020-06-08;SP;144593; 9188
2020-06-09;SP;150138; 9522
2020-06-10;SP;156316; 9862
2020-06-11;SP;162520;10145
2020-06-12;SP;167900;10368
2020-06-13;SP;172875;10581
2020-06-14;SP;178202;10694
2020-06-15;SP;181460;10767
2020-06-16;SP;190285;11132
2020-06-17;SP;191517;11521
2020-06-18;SP;192628;11846
2020-06-19;SP;211658;12232
2020-06-20;SP;215793;12494
2020-06-21;SP;219185;12588
2020-06-22;SP;221973;12634
2020-06-23;SP;229475;13068
2020-06-24;SP;238822;13352
2020-06-25;SP;248587;13759
2020-06-26;SP;258508;13966
2020-06-27;SP;265581;14263
2020-06-28;SP;271737;14338
2020-06-29;SP;275145;14398
2020-06-30;SP;281380;14763
2020-07-01;SP;289935;15030
2020-07-02;SP;302179;15351
2020-07-03;SP;310517;15694
2020-07-04;SP;312530;15996
2020-07-05;SP;320179;16078
2020-07-06;SP;323070;16134
2020-07-07;SP;332708;16475
2020-07-08;SP;341365;16788
2020-07-09;SP;349715;17118
2020-07-10;SP;359110;17442
2020-07-11;SP;366890;17702
2020-07-12;SP;371997;17848
2020-07-13;SP;374607;17907
2020-07-14;SP;386607;18324
2020-07-15;SP;393176;18640
2020-07-16;SP;402048;19038
2020-07-17;SP;407415;19377
2020-07-18;SP;412027;19647
2020-07-19;SP;415049;19732
2020-07-20;SP;416434;19788
2020-07-21;SP;422669;20171
2020-07-22;SP;439446;20532
2020-07-23;SP;452007;20894
2020-07-24;SP;463218;21206
2020-07-25;SP;479481;21517
2020-07-26;SP;483982;21606
2020-07-27;SP;487654;21676
2020-03-18;TO;     1;    0
2020-03-19;TO;     1;    0
2020-03-20;TO;     1;    0
2020-03-21;TO;     2;    0
2020-03-22;TO;     5;    0
2020-03-23;TO;     7;    0
2020-03-24;TO;     7;    0
2020-03-25;TO;     7;    0
2020-03-26;TO;     8;    0
2020-03-27;TO;     9;    0
2020-03-28;TO;     9;    0
2020-03-29;TO;    10;    0
2020-03-30;TO;    11;    0
2020-03-31;TO;    12;    0
2020-04-01;TO;    12;    0
2020-04-02;TO;    12;    0
2020-04-03;TO;    13;    0
2020-04-04;TO;    16;    0
2020-04-05;TO;    17;    0
2020-04-06;TO;    19;    0
2020-04-07;TO;    19;    0
2020-04-08;TO;    23;    0
2020-04-09;TO;    23;    0
2020-04-10;TO;    23;    0
2020-04-11;TO;    25;    0
2020-04-12;TO;    26;    0
2020-04-13;TO;    26;    0
2020-04-14;TO;    27;    0
2020-04-15;TO;    29;    1
2020-04-16;TO;    31;    1
2020-04-17;TO;    32;    1
2020-04-18;TO;    33;    1
2020-04-19;TO;    34;    1
2020-04-20;TO;    35;    2
2020-04-21;TO;    36;    2
2020-04-22;TO;    37;    2
2020-04-23;TO;    43;    2
2020-04-24;TO;    50;    2
2020-04-25;TO;    58;    2
2020-04-26;TO;    67;    2
2020-04-27;TO;    79;    2
2020-04-28;TO;   116;    2
2020-04-29;TO;   137;    3
2020-04-30;TO;   164;    3
2020-05-01;TO;   191;    4
2020-05-02;TO;   246;    4
2020-05-03;TO;   267;    6
2020-05-04;TO;   303;    7
2020-05-05;TO;   351;    9
2020-05-06;TO;   423;    9
2020-05-07;TO;   494;    9
2020-05-08;TO;   572;    9
2020-05-09;TO;   688;   11
2020-05-10;TO;   747;   12
2020-05-11;TO;   828;   14
2020-05-12;TO;   932;   21
2020-05-13;TO;  1029;   23
2020-05-14;TO;  1179;   24
2020-05-15;TO;  1279;   27
2020-05-17;TO;  1496;   32
2020-05-18;TO;  1646;   38
2020-05-19;TO;  1809;   42
2020-05-20;TO;  1976;   47
2020-05-21;TO;  2205;   49
2020-05-22;TO;  2430;   51
2020-05-23;TO;  2430;   51
2020-05-25;TO;  2696;   58
2020-05-26;TO;  2858;   64
2020-05-28;TO;  3277;   68
2020-05-29;TO;  3611;   70
2020-05-30;TO;  3981;   71
2020-05-31;TO;  4176;   73
2020-06-01;TO;  4345;   76
2020-06-02;TO;  4483;   79
2020-06-03;TO;  4698;   82
2020-06-05;TO;  5505;   96
2020-06-06;TO;  5644;   99
2020-06-07;TO;  5644;   99
2020-06-08;TO;  6052;  114
2020-06-09;TO;  6257;  120
2020-06-10;TO;  6529;  124
2020-06-11;TO;  6744;  128
2020-06-12;TO;  6931;  130
2020-06-13;TO;  6972;  132
2020-06-14;TO;  7137;  136
2020-06-15;TO;  7309;  140
2020-06-16;TO;  7573;  149
2020-06-17;TO;  7774;  152
2020-06-18;TO;  7956;  159
2020-06-19;TO;  8203;  167
2020-06-20;TO;  8354;  175
2020-06-21;TO;  8477;  178
2020-06-22;TO;  8766;  179
2020-06-23;TO;  9098;  181
2020-06-24;TO;  9425;  183
2020-06-25;TO;  9681;  186
2020-06-26;TO;  9966;  191
2020-06-27;TO; 10228;  192
2020-06-28;TO; 10359;  195
2020-06-29;TO; 10764;  200
2020-06-30;TO; 11222;  204
2020-07-01;TO; 11454;  209
2020-07-02;TO; 11736;  211
2020-07-03;TO; 12282;  215
2020-07-04;TO; 12476;  220
2020-07-05;TO; 12640;  224
2020-07-06;TO; 13004;  228
2020-07-07;TO; 13440;  233
2020-07-08;TO; 13845;  240
2020-07-09;TO; 14509;  245
2020-07-10;TO; 14939;  251
2020-07-11;TO; 15132;  255
2020-07-12;TO; 15307;  259
2020-07-13;TO; 15723;  267
2020-07-14;TO; 16031;  271
2020-07-15;TO; 16672;  278
2020-07-16;TO; 16954;  283
2020-07-17;TO; 17209;  288
2020-07-18;TO; 17773;  294
2020-07-19;TO; 17898;  299
2020-07-20;TO; 18354;  308
2020-07-21;TO; 18850;  315
2020-07-22;TO; 19423;  326
2020-07-23;TO; 19965;  334
2020-07-24;TO; 20920;  340
2020-07-25;TO; 21767;  346
2020-07-26;TO; 22106;  350
